query_id,method,ndcg@10,recall@100,recip_rank
0,bm25,0.0,0.0,0.0
2,bm25,1.0,1.0,1.0
4,bm25,0.0,1.0,0.07692307692307693
6,bm25,1.0,1.0,1.0
9,bm25,1.0,1.0,1.0
10,bm25,0.43067655807339306,1.0,0.25
11,bm25,0.5,1.0,0.3333333333333333
12,bm25,1.0,1.0,1.0
14,bm25,0.43067655807339306,1.0,0.25
15,bm25,0.0,1.0,0.021739130434782608
17,bm25,0.0,0.0,0.0
18,bm25,0.0,1.0,0.07692307692307693
19,bm25,0.0,1.0,0.045454545454545456
20,bm25,0.0,1.0,0.04
21,bm25,0.3333333333333333,1.0,0.14285714285714285
22,bm25,1.0,1.0,1.0
24,bm25,0.6309297535714575,1.0,0.5
25,bm25,1.0,1.0,1.0
26,bm25,0.0,0.0,0.0
27,bm25,0.0,0.0,0.0
28,bm25,1.0,1.0,1.0
30,bm25,0.6309297535714575,1.0,0.5
32,bm25,1.0,1.0,1.0
34,bm25,1.0,1.0,1.0
35,bm25,0.20438239758848611,1.0,0.14285714285714285
37,bm25,0.23719771276929622,1.0,0.2
39,bm25,1.0,1.0,1.0
40,bm25,1.0,1.0,1.0
41,bm25,1.0,1.0,1.0
43,bm25,0.6309297535714575,1.0,0.5
44,bm25,1.0,1.0,1.0
45,bm25,1.0,1.0,1.0
46,bm25,1.0,1.0,1.0
47,bm25,1.0,1.0,1.0
52,bm25,1.0,1.0,1.0
55,bm25,0.38685280723454163,1.0,0.2
58,bm25,1.0,1.0,1.0
60,bm25,0.48247555939075504,1.0,0.25
61,bm25,0.5640920940185894,1.0,0.5
62,bm25,0.43067655807339306,1.0,0.25
63,bm25,0.0,0.0,0.0
64,bm25,0.0,1.0,0.011627906976744186
66,bm25,0.0,0.0,0.0
67,bm25,1.0,1.0,1.0
68,bm25,1.0,1.0,1.0
69,bm25,1.0,1.0,1.0
71,bm25,1.0,1.0,1.0
73,bm25,0.6309297535714575,1.0,0.5
74,bm25,0.5,1.0,0.3333333333333333
76,bm25,1.0,1.0,1.0
77,bm25,1.0,1.0,1.0
78,bm25,1.0,1.0,1.0
79,bm25,0.5,1.0,0.3333333333333333
80,bm25,0.5,1.0,0.3333333333333333
81,bm25,0.0,1.0,0.02564102564102564
82,bm25,0.5,1.0,0.3333333333333333
85,bm25,0.8772153153380493,1.0,1.0
86,bm25,0.8772153153380493,1.0,1.0
88,bm25,0.3065735963827292,1.0,0.3333333333333333
89,bm25,0.20438239758848611,1.0,0.14285714285714285
90,bm25,0.3333333333333333,1.0,0.14285714285714285
91,bm25,0.0,0.0,0.0
92,bm25,0.0,0.0,0.0
93,bm25,0.0,1.0,0.09090909090909091
95,bm25,0.0,0.0,0.0
96,bm25,1.0,1.0,1.0
98,bm25,1.0,1.0,1.0
104,bm25,0.38685280723454163,1.0,0.2
105,bm25,1.0,1.0,1.0
106,bm25,1.0,1.0,1.0
108,bm25,0.9674679834891693,1.0,1.0
109,bm25,0.6309297535714575,1.0,0.5
111,bm25,1.0,1.0,1.0
112,bm25,1.0,1.0,1.0
114,bm25,1.0,1.0,1.0
116,bm25,1.0,1.0,1.0
119,bm25,1.0,1.0,1.0
120,bm25,1.0,1.0,1.0
121,bm25,0.2890648263178879,1.0,0.1
122,bm25,0.0,1.0,0.09090909090909091
123,bm25,1.0,1.0,1.0
126,bm25,1.0,1.0,1.0
134,bm25,0.0,1.0,0.021739130434782608
138,bm25,1.0,1.0,1.0
139,bm25,0.0,0.0,0.0
144,bm25,1.0,1.0,1.0
149,bm25,1.0,1.0,1.0
152,bm25,1.0,1.0,1.0
153,bm25,1.0,1.0,1.0
154,bm25,1.0,1.0,1.0
155,bm25,1.0,1.0,1.0
156,bm25,1.0,1.0,1.0
157,bm25,1.0,1.0,1.0
159,bm25,1.0,1.0,1.0
160,bm25,1.0,1.0,1.0
161,bm25,1.0,1.0,1.0
164,bm25,1.0,1.0,1.0
165,bm25,1.0,1.0,1.0
166,bm25,1.0,1.0,1.0
167,bm25,1.0,1.0,1.0
168,bm25,1.0,1.0,1.0
169,bm25,1.0,1.0,1.0
172,bm25,1.0,1.0,1.0
173,bm25,0.0,0.0,0.0
174,bm25,0.6309297535714575,1.0,0.5
175,bm25,0.43067655807339306,1.0,0.25
176,bm25,0.43067655807339306,1.0,0.25
177,bm25,1.0,1.0,1.0
178,bm25,0.7087212693585175,1.0,1.0
181,bm25,1.0,1.0,1.0
182,bm25,0.0,1.0,0.07142857142857142
184,bm25,0.6309297535714575,1.0,0.5
186,bm25,0.3562071871080222,1.0,0.16666666666666666
187,bm25,0.3562071871080222,1.0,0.16666666666666666
189,bm25,0.5,1.0,0.3333333333333333
196,bm25,1.0,1.0,1.0
197,bm25,1.0,1.0,1.0
199,bm25,1.0,1.0,1.0
200,bm25,1.0,1.0,1.0
201,bm25,1.0,1.0,1.0
203,bm25,1.0,1.0,1.0
204,bm25,1.0,1.0,1.0
205,bm25,1.0,1.0,1.0
209,bm25,0.38685280723454163,1.0,0.2
210,bm25,1.0,1.0,1.0
211,bm25,0.0,1.0,0.016129032258064516
214,bm25,0.3562071871080222,1.0,0.16666666666666666
220,bm25,1.0,1.0,1.0
221,bm25,1.0,1.0,1.0
222,bm25,1.0,1.0,1.0
223,bm25,1.0,1.0,1.0
224,bm25,0.0,1.0,0.043478260869565216
225,bm25,0.0,0.0,0.0
226,bm25,0.0,0.0,0.0
227,bm25,1.0,1.0,1.0
228,bm25,1.0,1.0,1.0
229,bm25,1.0,1.0,1.0
235,bm25,1.0,1.0,1.0
241,bm25,0.0,0.5,0.043478260869565216
242,bm25,0.0,0.5,0.045454545454545456
243,bm25,1.0,1.0,1.0
244,bm25,1.0,1.0,1.0
245,bm25,0.6131471927654584,1.0,1.0
246,bm25,0.6131471927654584,1.0,1.0
247,bm25,0.43067655807339306,1.0,0.25
250,bm25,1.0,1.0,1.0
251,bm25,1.0,1.0,1.0
253,bm25,0.5,1.0,0.3333333333333333
254,bm25,0.5,1.0,0.3333333333333333
255,bm25,1.0,1.0,1.0
256,bm25,1.0,1.0,1.0
258,bm25,0.43067655807339306,1.0,0.25
259,bm25,0.0,1.0,0.06666666666666667
262,bm25,0.0,1.0,0.010309278350515464
263,bm25,0.9674679834891693,1.0,1.0
264,bm25,1.0,1.0,1.0
265,bm25,1.0,1.0,1.0
266,bm25,0.6309297535714575,1.0,0.5
267,bm25,0.8315546295836225,1.0,1.0
272,bm25,1.0,1.0,1.0
277,bm25,1.0,1.0,1.0
278,bm25,1.0,1.0,1.0
280,bm25,1.0,1.0,1.0
281,bm25,1.0,1.0,1.0
283,bm25,1.0,1.0,1.0
285,bm25,1.0,1.0,1.0
286,bm25,1.0,1.0,1.0
287,bm25,1.0,1.0,1.0
290,bm25,1.0,1.0,1.0
292,bm25,1.0,1.0,1.0
293,bm25,1.0,1.0,1.0
296,bm25,1.0,1.0,1.0
299,bm25,0.6309297535714575,1.0,0.5
301,bm25,0.5,1.0,0.3333333333333333
304,bm25,0.6309297535714575,1.0,0.5
305,bm25,0.6309297535714575,1.0,0.5
306,bm25,1.0,1.0,1.0
308,bm25,1.0,1.0,1.0
309,bm25,1.0,1.0,1.0
310,bm25,0.3562071871080222,1.0,0.16666666666666666
313,bm25,0.3333333333333333,1.0,0.14285714285714285
315,bm25,0.0,1.0,0.041666666666666664
316,bm25,0.38685280723454163,1.0,0.2
317,bm25,1.0,1.0,1.0
323,bm25,0.3010299956639812,1.0,0.1111111111111111
325,bm25,0.5,1.0,0.3333333333333333
326,bm25,0.5,1.0,0.3333333333333333
330,bm25,1.0,1.0,1.0
331,bm25,1.0,1.0,1.0
332,bm25,1.0,1.0,1.0
333,bm25,1.0,1.0,1.0
334,bm25,1.0,1.0,1.0
335,bm25,1.0,1.0,1.0
336,bm25,0.5,1.0,0.3333333333333333
337,bm25,0.5,1.0,0.3333333333333333
339,bm25,1.0,1.0,1.0
340,bm25,1.0,1.0,1.0
341,bm25,1.0,1.0,1.0
342,bm25,0.5912352048230277,1.0,0.5
345,bm25,0.6309297535714575,1.0,0.5
346,bm25,1.0,1.0,1.0
347,bm25,1.0,1.0,1.0
349,bm25,1.0,1.0,1.0
351,bm25,0.0,0.0,0.0
352,bm25,0.0,1.0,0.05
355,bm25,0.5012658353418871,1.0,0.25
356,bm25,1.0,1.0,1.0
357,bm25,0.3562071871080222,1.0,0.16666666666666666
358,bm25,0.3562071871080222,1.0,0.16666666666666666
361,bm25,1.0,1.0,1.0
363,bm25,0.0,1.0,0.08333333333333333
364,bm25,0.38685280723454163,1.0,0.2
365,bm25,1.0,1.0,1.0
366,bm25,1.0,1.0,1.0
367,bm25,1.0,1.0,1.0
368,bm25,1.0,1.0,1.0
369,bm25,1.0,1.0,1.0
370,bm25,1.0,1.0,1.0
371,bm25,1.0,1.0,1.0
372,bm25,1.0,1.0,1.0
375,bm25,1.0,1.0,1.0
376,bm25,0.3010299956639812,1.0,0.1111111111111111
377,bm25,1.0,1.0,1.0
378,bm25,0.4703652827859579,0.8,1.0
379,bm25,1.0,1.0,1.0
381,bm25,1.0,1.0,1.0
382,bm25,0.0,0.0,0.0
383,bm25,0.0,1.0,0.05263157894736842
389,bm25,0.43067655807339306,1.0,0.25
390,bm25,0.43067655807339306,1.0,0.25
391,bm25,0.43067655807339306,1.0,0.25
392,bm25,0.5,1.0,0.3333333333333333
393,bm25,0.5,1.0,0.3333333333333333
394,bm25,1.0,1.0,1.0
396,bm25,1.0,1.0,1.0
397,bm25,1.0,1.0,1.0
398,bm25,0.0,1.0,0.011904761904761904
400,bm25,1.0,1.0,1.0
401,bm25,1.0,1.0,1.0
403,bm25,0.0,0.0,0.0
404,bm25,0.0,0.0,0.0
406,bm25,0.0,0.0,0.0
407,bm25,0.6309297535714575,1.0,0.5
413,bm25,0.31546487678572877,1.0,0.125
414,bm25,0.0,1.0,0.07692307692307693
416,bm25,1.0,1.0,1.0
417,bm25,0.5,1.0,0.3333333333333333
418,bm25,0.0,0.0,0.0
420,bm25,1.0,1.0,1.0
422,bm25,0.0,0.0,0.0
423,bm25,0.38685280723454163,1.0,0.2
425,bm25,1.0,1.0,1.0
426,bm25,0.5,1.0,0.3333333333333333
428,bm25,0.38685280723454163,1.0,0.2
429,bm25,1.0,1.0,1.0
430,bm25,0.0,0.0,0.0
432,bm25,1.0,1.0,1.0
434,bm25,0.0,1.0,0.02
435,bm25,0.0,1.0,0.010638297872340425
441,bm25,0.6309297535714575,1.0,0.5
444,bm25,1.0,1.0,1.0
445,bm25,0.2890648263178879,1.0,0.1
447,bm25,0.6309297535714575,1.0,0.5
448,bm25,1.0,1.0,1.0
449,bm25,0.38162168437253385,1.0,0.14285714285714285
453,bm25,1.0,1.0,1.0
454,bm25,1.0,1.0,1.0
455,bm25,0.0,1.0,0.0625
456,bm25,1.0,1.0,1.0
458,bm25,1.0,1.0,1.0
461,bm25,1.0,1.0,1.0
463,bm25,0.2890648263178879,1.0,0.1
466,bm25,1.0,1.0,1.0
469,bm25,0.3010299956639812,1.0,0.1111111111111111
470,bm25,1.0,1.0,1.0
472,bm25,0.6256646589861505,1.0,0.5
473,bm25,0.0,0.0,0.0
474,bm25,0.0,0.0,0.0
479,bm25,1.0,1.0,1.0
480,bm25,1.0,1.0,1.0
481,bm25,1.0,1.0,1.0
482,bm25,1.0,1.0,1.0
483,bm25,0.6309297535714575,1.0,0.5
484,bm25,0.0,1.0,0.01818181818181818
485,bm25,1.0,1.0,1.0
486,bm25,0.0,1.0,0.018518518518518517
487,bm25,1.0,1.0,1.0
488,bm25,1.0,1.0,1.0
489,bm25,0.31546487678572877,1.0,0.125
490,bm25,1.0,1.0,1.0
492,bm25,1.0,1.0,1.0
493,bm25,0.0,1.0,0.0625
494,bm25,0.6309297535714575,1.0,0.5
495,bm25,0.3562071871080222,1.0,0.16666666666666666
498,bm25,0.3562071871080222,1.0,0.16666666666666666
499,bm25,1.0,1.0,1.0
500,bm25,1.0,1.0,1.0
504,bm25,1.0,1.0,1.0
505,bm25,1.0,1.0,1.0
506,bm25,0.3562071871080222,1.0,0.16666666666666666
509,bm25,0.0,1.0,0.014925373134328358
515,bm25,1.0,1.0,1.0
523,bm25,1.0,1.0,1.0
524,bm25,1.0,1.0,1.0
526,bm25,0.6309297535714575,1.0,0.5
529,bm25,0.5726073975563163,1.0,0.3333333333333333
530,bm25,0.431992295847858,1.0,0.25
531,bm25,0.618890676363047,1.0,0.5
537,bm25,1.0,1.0,1.0
541,bm25,0.15642624200758548,1.0,0.14285714285714285
542,bm25,1.0,1.0,1.0
545,bm25,0.0,1.0,0.0625
547,bm25,1.0,1.0,1.0
548,bm25,0.0,0.0,0.0
550,bm25,0.5,1.0,0.3333333333333333
553,bm25,1.0,1.0,1.0
555,bm25,0.3562071871080222,1.0,0.16666666666666666
557,bm25,0.5,1.0,0.3333333333333333
559,bm25,0.0,0.0,0.0
562,bm25,1.0,1.0,1.0
563,bm25,1.0,1.0,1.0
564,bm25,1.0,1.0,1.0
565,bm25,1.0,1.0,1.0
566,bm25,1.0,1.0,1.0
568,bm25,1.0,1.0,1.0
570,bm25,1.0,1.0,1.0
571,bm25,1.0,1.0,1.0
572,bm25,0.0,0.0,0.0
573,bm25,1.0,1.0,1.0
574,bm25,1.0,1.0,1.0
576,bm25,1.0,1.0,1.0
579,bm25,1.0,1.0,1.0
580,bm25,1.0,1.0,1.0
582,bm25,1.0,1.0,1.0
584,bm25,1.0,1.0,1.0
585,bm25,0.43067655807339306,1.0,0.25
588,bm25,0.3562071871080222,1.0,0.16666666666666666
590,bm25,1.0,1.0,1.0
591,bm25,1.0,1.0,1.0
592,bm25,1.0,1.0,1.0
594,bm25,1.0,1.0,1.0
595,bm25,1.0,1.0,1.0
600,bm25,1.0,1.0,1.0
601,bm25,1.0,1.0,1.0
602,bm25,0.0,1.0,0.04
603,bm25,1.0,1.0,1.0
606,bm25,0.38685280723454163,1.0,0.2
607,bm25,1.0,1.0,1.0
609,bm25,0.0,0.0,0.0
610,bm25,0.0,0.0,0.0
611,bm25,1.0,1.0,1.0
612,bm25,1.0,1.0,1.0
614,bm25,1.0,1.0,1.0
615,bm25,1.0,1.0,1.0
616,bm25,0.0,0.0,0.0
617,bm25,0.0,0.0,0.0
618,bm25,0.0,1.0,0.022222222222222223
620,bm25,0.0,0.0,0.0
621,bm25,1.0,1.0,1.0
622,bm25,0.31546487678572877,1.0,0.125
624,bm25,1.0,1.0,1.0
625,bm25,1.0,1.0,1.0
626,bm25,1.0,1.0,1.0
631,bm25,1.0,1.0,1.0
632,bm25,1.0,1.0,1.0
633,bm25,1.0,1.0,1.0
635,bm25,1.0,1.0,1.0
638,bm25,1.0,1.0,1.0
640,bm25,1.0,1.0,1.0
642,bm25,1.0,1.0,1.0
643,bm25,0.3010299956639812,1.0,0.1111111111111111
645,bm25,0.3562071871080222,1.0,0.16666666666666666
646,bm25,0.3562071871080222,1.0,0.16666666666666666
647,bm25,1.0,1.0,1.0
648,bm25,1.0,1.0,1.0
650,bm25,0.6309297535714575,1.0,0.5
651,bm25,1.0,1.0,1.0
652,bm25,1.0,1.0,1.0
653,bm25,0.5,1.0,0.3333333333333333
654,bm25,1.0,1.0,1.0
655,bm25,1.0,1.0,1.0
657,bm25,1.0,1.0,1.0
658,bm25,1.0,1.0,1.0
661,bm25,1.0,1.0,1.0
662,bm25,1.0,1.0,1.0
663,bm25,1.0,1.0,1.0
665,bm25,1.0,1.0,1.0
666,bm25,1.0,1.0,1.0
667,bm25,0.5,1.0,0.3333333333333333
668,bm25,0.6131471927654584,1.0,1.0
669,bm25,0.6131471927654584,1.0,1.0
670,bm25,1.0,1.0,1.0
671,bm25,1.0,1.0,1.0
672,bm25,1.0,1.0,1.0
673,bm25,1.0,1.0,1.0
676,bm25,0.6309297535714575,1.0,0.5
677,bm25,0.6309297535714575,1.0,0.5
679,bm25,0.0,1.0,0.023255813953488372
680,bm25,0.43067655807339306,1.0,0.25
681,bm25,1.0,1.0,1.0
682,bm25,1.0,1.0,1.0
683,bm25,1.0,1.0,1.0
685,bm25,1.0,1.0,1.0
686,bm25,0.31546487678572877,1.0,0.125
687,bm25,1.0,1.0,1.0
688,bm25,1.0,1.0,1.0
689,bm25,0.0,1.0,0.014285714285714285
694,bm25,1.0,1.0,1.0
696,bm25,1.0,1.0,1.0
698,bm25,1.0,1.0,1.0
703,bm25,0.5,1.0,0.3333333333333333
704,bm25,0.0,0.0,0.0
705,bm25,0.6309297535714575,1.0,0.5
709,bm25,1.0,1.0,1.0
710,bm25,0.6309297535714575,1.0,0.5
713,bm25,0.0,1.0,0.041666666666666664
714,bm25,0.0,1.0,0.047619047619047616
717,bm25,0.6309297535714575,1.0,0.5
724,bm25,1.0,1.0,1.0
726,bm25,0.5109559939712153,1.0,0.3333333333333333
730,bm25,1.0,1.0,1.0
732,bm25,0.6309297535714575,1.0,0.5
733,bm25,0.6309297535714575,1.0,0.5
734,bm25,1.0,1.0,1.0
736,bm25,1.0,1.0,1.0
737,bm25,0.6509209298071326,1.0,0.5
738,bm25,0.5307212739772434,1.0,0.5
739,bm25,0.0,1.0,0.011494252873563218
740,bm25,1.0,1.0,1.0
745,bm25,1.0,1.0,1.0
746,bm25,1.0,1.0,1.0
747,bm25,1.0,1.0,1.0
748,bm25,1.0,1.0,1.0
749,bm25,0.0,0.0,0.0
751,bm25,1.0,1.0,1.0
752,bm25,1.0,1.0,1.0
753,bm25,0.0,1.0,0.022222222222222223
755,bm25,0.0,0.0,0.0
757,bm25,0.38685280723454163,1.0,0.2
758,bm25,0.5,1.0,0.3333333333333333
760,bm25,1.0,1.0,1.0
761,bm25,0.0,1.0,0.04
762,bm25,0.0,1.0,0.021739130434782608
764,bm25,0.0,1.0,0.037037037037037035
765,bm25,0.3562071871080222,1.0,0.16666666666666666
766,bm25,0.3333333333333333,1.0,0.14285714285714285
767,bm25,1.0,1.0,1.0
771,bm25,1.0,1.0,1.0
772,bm25,1.0,1.0,1.0
774,bm25,0.0,1.0,0.011764705882352941
776,bm25,0.0,1.0,0.01282051282051282
777,bm25,0.0,1.0,0.014084507042253521
778,bm25,1.0,1.0,1.0
779,bm25,1.0,1.0,1.0
780,bm25,1.0,1.0,1.0
782,bm25,0.6309297535714575,1.0,0.5
787,bm25,1.0,1.0,1.0
788,bm25,1.0,1.0,1.0
789,bm25,0.5,1.0,0.3333333333333333
790,bm25,0.3562071871080222,1.0,0.16666666666666666
791,bm25,0.6309297535714575,1.0,0.5
792,bm25,1.0,1.0,1.0
795,bm25,0.3010299956639812,1.0,0.1111111111111111
797,bm25,0.0,1.0,0.09090909090909091
798,bm25,0.3333333333333333,1.0,0.14285714285714285
799,bm25,1.0,1.0,1.0
801,bm25,1.0,1.0,1.0
802,bm25,1.0,1.0,1.0
803,bm25,1.0,1.0,1.0
804,bm25,1.0,1.0,1.0
807,bm25,1.0,1.0,1.0
810,bm25,0.0,1.0,0.045454545454545456
812,bm25,1.0,1.0,1.0
813,bm25,1.0,1.0,1.0
815,bm25,1.0,1.0,1.0
816,bm25,1.0,1.0,1.0
817,bm25,0.0,1.0,0.07692307692307693
818,bm25,0.3333333333333333,1.0,0.14285714285714285
822,bm25,0.6309297535714575,1.0,0.5
825,bm25,1.0,1.0,1.0
826,bm25,0.5,1.0,0.3333333333333333
828,bm25,0.0,0.0,0.0
835,bm25,1.0,1.0,1.0
838,bm25,0.38685280723454163,1.0,0.2
840,bm25,0.5,1.0,0.3333333333333333
841,bm25,1.0,1.0,1.0
844,bm25,1.0,1.0,1.0
846,bm25,1.0,1.0,1.0
848,bm25,1.0,1.0,1.0
853,bm25,1.0,1.0,1.0
854,bm25,1.0,1.0,1.0
855,bm25,1.0,1.0,1.0
856,bm25,0.3333333333333333,1.0,0.14285714285714285
857,bm25,0.0,1.0,0.05263157894736842
858,bm25,0.43067655807339306,1.0,0.25
860,bm25,1.0,1.0,1.0
861,bm25,1.0,1.0,1.0
863,bm25,1.0,1.0,1.0
866,bm25,0.3333333333333333,1.0,0.14285714285714285
867,bm25,1.0,1.0,1.0
871,bm25,0.0,0.0,0.0
876,bm25,0.0,0.0,0.0
877,bm25,0.6309297535714575,1.0,0.5
881,bm25,1.0,1.0,1.0
883,bm25,1.0,1.0,1.0
884,bm25,1.0,1.0,1.0
885,bm25,1.0,1.0,1.0
886,bm25,1.0,1.0,1.0
890,bm25,0.0,1.0,0.07692307692307693
891,bm25,0.0,1.0,0.08333333333333333
893,bm25,1.0,1.0,1.0
894,bm25,0.0,1.0,0.037037037037037035
895,bm25,0.5,1.0,0.3333333333333333
896,bm25,1.0,1.0,1.0
897,bm25,1.0,1.0,1.0
898,bm25,0.6131471927654584,1.0,1.0
899,bm25,0.6131471927654584,1.0,1.0
900,bm25,0.0,0.0,0.0
901,bm25,1.0,1.0,1.0
902,bm25,1.0,1.0,1.0
908,bm25,1.0,1.0,1.0
909,bm25,1.0,1.0,1.0
910,bm25,1.0,1.0,1.0
912,bm25,1.0,1.0,1.0
916,bm25,0.31546487678572877,1.0,0.125
917,bm25,1.0,1.0,1.0
919,bm25,1.0,1.0,1.0
923,bm25,1.0,1.0,1.0
925,bm25,1.0,1.0,1.0
926,bm25,1.0,1.0,1.0
927,bm25,1.0,1.0,1.0
928,bm25,1.0,1.0,1.0
929,bm25,1.0,1.0,1.0
930,bm25,1.0,1.0,1.0
933,bm25,1.0,1.0,1.0
934,bm25,1.0,1.0,1.0
935,bm25,1.0,1.0,1.0
938,bm25,0.0,1.0,0.012195121951219513
939,bm25,0.0,0.0,0.0
940,bm25,0.6309297535714575,1.0,0.5
941,bm25,1.0,1.0,1.0
942,bm25,0.38685280723454163,1.0,0.2
944,bm25,1.0,1.0,1.0
945,bm25,0.2476427880871277,0.75,0.14285714285714285
946,bm25,0.23599633571930026,0.75,0.125
949,bm25,0.0,0.0,0.0
951,bm25,0.6309297535714575,1.0,0.5
952,bm25,1.0,1.0,1.0
953,bm25,1.0,1.0,1.0
954,bm25,1.0,1.0,1.0
955,bm25,0.0,1.0,0.02702702702702703
959,bm25,1.0,1.0,1.0
962,bm25,0.9674679834891693,1.0,1.0
963,bm25,0.37800210039683896,1.0,0.125
964,bm25,0.37800210039683896,1.0,0.125
965,bm25,0.6309297535714575,1.0,0.5
969,bm25,0.3065735963827292,1.0,0.3333333333333333
970,bm25,0.3065735963827292,1.0,0.3333333333333333
972,bm25,0.7486761295186739,1.0,0.5
973,bm25,0.9558295932317544,1.0,1.0
976,bm25,0.0,0.0,0.0
977,bm25,0.0,0.5,0.016129032258064516
978,bm25,0.0,0.0,0.0
979,bm25,1.0,1.0,1.0
980,bm25,1.0,1.0,1.0
984,bm25,1.0,1.0,1.0
988,bm25,0.0,1.0,0.045454545454545456
989,bm25,1.0,1.0,1.0
990,bm25,1.0,1.0,1.0
992,bm25,1.0,1.0,1.0
994,bm25,1.0,1.0,1.0
996,bm25,1.0,1.0,1.0
997,bm25,1.0,1.0,1.0
998,bm25,1.0,1.0,1.0
999,bm25,1.0,1.0,1.0
1000,bm25,1.0,1.0,1.0
1001,bm25,1.0,1.0,1.0
1002,bm25,0.0,0.0,0.0
1003,bm25,0.9060254355346823,1.0,1.0
1004,bm25,1.0,1.0,1.0
1005,bm25,0.9674679834891693,1.0,1.0
1006,bm25,1.0,1.0,1.0
1008,bm25,0.0,1.0,0.025
1009,bm25,1.0,1.0,1.0
1011,bm25,1.0,1.0,1.0
1015,bm25,1.0,1.0,1.0
1016,bm25,1.0,1.0,1.0
1018,bm25,1.0,1.0,1.0
1023,bm25,1.0,1.0,1.0
1025,bm25,1.0,1.0,1.0
1026,bm25,1.0,1.0,1.0
1027,bm25,1.0,1.0,1.0
1028,bm25,0.8503449055347546,1.0,1.0
1030,bm25,1.0,1.0,1.0
1031,bm25,1.0,1.0,1.0
1032,bm25,0.0,1.0,0.02631578947368421
1033,bm25,0.0,1.0,0.02631578947368421
1034,bm25,1.0,1.0,1.0
1035,bm25,1.0,1.0,1.0
1036,bm25,0.6309297535714575,1.0,0.5
1037,bm25,1.0,1.0,1.0
1038,bm25,1.0,1.0,1.0
1040,bm25,0.38162168437253385,1.0,0.14285714285714285
1042,bm25,1.0,1.0,1.0
1043,bm25,1.0,1.0,1.0
1044,bm25,1.0,1.0,1.0
1045,bm25,1.0,1.0,1.0
1046,bm25,0.0,1.0,0.0196078431372549
1047,bm25,1.0,1.0,1.0
1048,bm25,0.0,0.0,0.0
1050,bm25,0.6309297535714575,1.0,0.5
1052,bm25,0.5,1.0,0.3333333333333333
1053,bm25,0.5,1.0,0.3333333333333333
1054,bm25,1.0,1.0,1.0
1055,bm25,1.0,1.0,1.0
1056,bm25,1.0,1.0,1.0
1058,bm25,1.0,1.0,1.0
1065,bm25,1.0,1.0,1.0
1067,bm25,0.0,0.0,0.0
1068,bm25,0.0,0.0,0.0
1069,bm25,1.0,1.0,1.0
1070,bm25,0.3010299956639812,1.0,0.1111111111111111
1072,bm25,1.0,1.0,1.0
1073,bm25,1.0,1.0,1.0
1074,bm25,0.5,1.0,0.3333333333333333
1075,bm25,1.0,1.0,1.0
1081,bm25,0.5,1.0,0.3333333333333333
1084,bm25,1.0,1.0,1.0
1085,bm25,0.6309297535714575,1.0,0.5
1087,bm25,1.0,1.0,1.0
1090,bm25,1.0,1.0,1.0
1091,bm25,0.43067655807339306,1.0,0.25
1096,bm25,0.0,1.0,0.015384615384615385
1097,bm25,0.6309297535714575,1.0,0.5
1098,bm25,0.0,0.0,0.0
1101,bm25,1.0,1.0,1.0
1102,bm25,1.0,1.0,1.0
1103,bm25,1.0,1.0,1.0
1105,bm25,1.0,1.0,1.0
1106,bm25,1.0,1.0,1.0
1109,bm25,0.23719771276929622,1.0,0.2
1111,bm25,0.5,1.0,0.3333333333333333
1112,bm25,1.0,1.0,1.0
1114,bm25,1.0,1.0,1.0
1115,bm25,1.0,1.0,1.0
1118,bm25,0.5,1.0,0.3333333333333333
1119,bm25,0.8854598815714874,1.0,1.0
1120,bm25,0.9060254355346823,1.0,1.0
1125,bm25,1.0,1.0,1.0
1126,bm25,1.0,1.0,1.0
1127,bm25,0.6309297535714575,1.0,0.5
1128,bm25,0.18457569677956817,0.5,0.1111111111111111
1133,bm25,1.0,1.0,1.0
1134,bm25,1.0,1.0,1.0
1135,bm25,1.0,1.0,1.0
1136,bm25,1.0,1.0,1.0
1138,bm25,0.0,0.0,0.0
1139,bm25,1.0,1.0,1.0
1141,bm25,1.0,1.0,1.0
1142,bm25,1.0,1.0,1.0
1145,bm25,1.0,1.0,1.0
1148,bm25,1.0,1.0,1.0
1153,bm25,1.0,1.0,1.0
1156,bm25,0.43067655807339306,1.0,0.25
1157,bm25,1.0,1.0,1.0
1158,bm25,1.0,1.0,1.0
1159,bm25,1.0,1.0,1.0
1161,bm25,0.0,1.0,0.012658227848101266
1162,bm25,1.0,1.0,1.0
1164,bm25,0.31546487678572877,1.0,0.125
1165,bm25,0.2890648263178879,1.0,0.1
1166,bm25,0.6309297535714575,1.0,0.5
1168,bm25,1.0,1.0,1.0
1169,bm25,1.0,1.0,1.0
1170,bm25,1.0,1.0,1.0
1171,bm25,1.0,1.0,1.0
1173,bm25,1.0,1.0,1.0
1174,bm25,0.0,1.0,0.018518518518518517
1176,bm25,1.0,1.0,1.0
1177,bm25,1.0,1.0,1.0
1178,bm25,0.0,1.0,0.019230769230769232
1181,bm25,1.0,1.0,1.0
1182,bm25,0.5,1.0,0.3333333333333333
1183,bm25,1.0,1.0,1.0
1184,bm25,1.0,1.0,1.0
1186,bm25,0.31546487678572877,1.0,0.125
1188,bm25,0.5,1.0,0.3333333333333333
1190,bm25,0.0,0.0,0.0
1193,bm25,1.0,1.0,1.0
1195,bm25,1.0,1.0,1.0
1205,bm25,1.0,1.0,1.0
1206,bm25,1.0,1.0,1.0
1208,bm25,0.3010299956639812,1.0,0.1111111111111111
1209,bm25,0.5,1.0,0.3333333333333333
1210,bm25,1.0,1.0,1.0
1211,bm25,1.0,1.0,1.0
1212,bm25,0.0,0.5,0.010752688172043012
1214,bm25,0.0,0.0,0.0
1215,bm25,1.0,1.0,1.0
1218,bm25,0.0,1.0,0.014492753623188406
1219,bm25,0.8772153153380493,1.0,1.0
1220,bm25,1.0,1.0,1.0
1223,bm25,1.0,1.0,1.0
1224,bm25,0.38685280723454163,1.0,0.5
1227,bm25,1.0,1.0,1.0
1228,bm25,1.0,1.0,1.0
1229,bm25,1.0,1.0,1.0
1230,bm25,1.0,1.0,1.0
1231,bm25,1.0,1.0,1.0
1234,bm25,1.0,1.0,1.0
1235,bm25,0.3562071871080222,1.0,0.16666666666666666
1236,bm25,0.38685280723454163,1.0,0.2
1237,bm25,1.0,1.0,1.0
1238,bm25,1.0,1.0,1.0
1239,bm25,0.20438239758848611,1.0,0.14285714285714285
1244,bm25,0.38685280723454163,1.0,0.2
1246,bm25,0.38685280723454163,1.0,0.2
1247,bm25,0.0,1.0,0.09090909090909091
1248,bm25,1.0,1.0,1.0
1249,bm25,1.0,1.0,1.0
1253,bm25,0.0,1.0,0.058823529411764705
1254,bm25,0.0,1.0,0.07142857142857142
1255,bm25,0.6309297535714575,1.0,0.5
1257,bm25,0.3333333333333333,1.0,0.14285714285714285
1258,bm25,1.0,1.0,1.0
1260,bm25,1.0,1.0,1.0
1261,bm25,1.0,1.0,1.0
1263,bm25,1.0,1.0,1.0
1265,bm25,1.0,1.0,1.0
1268,bm25,1.0,1.0,1.0
1269,bm25,1.0,1.0,1.0
1275,bm25,0.5,1.0,0.3333333333333333
1276,bm25,0.6309297535714575,1.0,0.5
1284,bm25,1.0,1.0,1.0
1288,bm25,1.0,1.0,1.0
1289,bm25,1.0,1.0,1.0
1291,bm25,1.0,1.0,1.0
1293,bm25,1.0,1.0,1.0
1294,bm25,0.0,1.0,0.037037037037037035
1295,bm25,1.0,1.0,1.0
1297,bm25,1.0,1.0,1.0
1300,bm25,0.0,1.0,0.08333333333333333
1302,bm25,0.0,1.0,0.01
1304,bm25,0.0,1.0,0.025
1305,bm25,0.6309297535714575,1.0,0.5
1306,bm25,0.0,1.0,0.030303030303030304
1307,bm25,0.6309297535714575,1.0,0.5
1308,bm25,0.3562071871080222,1.0,0.16666666666666666
1309,bm25,0.3562071871080222,1.0,0.16666666666666666
1310,bm25,0.31546487678572877,1.0,0.125
1311,bm25,0.0,1.0,0.08333333333333333
1312,bm25,1.0,1.0,1.0
1314,bm25,0.38685280723454163,1.0,0.5
1315,bm25,0.23719771276929622,1.0,0.2
1322,bm25,1.0,1.0,1.0
1323,bm25,1.0,1.0,1.0
1324,bm25,1.0,1.0,1.0
1325,bm25,0.0,1.0,0.03225806451612903
1327,bm25,0.6131471927654584,1.0,1.0
1328,bm25,1.0,1.0,1.0
1330,bm25,0.0,0.0,0.0
1331,bm25,0.0,0.0,0.0
1333,bm25,1.0,1.0,1.0
1334,bm25,0.2960819109658652,0.6666666666666666,0.5
1340,bm25,1.0,1.0,1.0
1341,bm25,1.0,1.0,1.0
1342,bm25,0.0,1.0,0.03125
1345,bm25,0.0,0.0,0.0
1346,bm25,1.0,1.0,1.0
1347,bm25,1.0,1.0,1.0
1348,bm25,1.0,1.0,1.0
1349,bm25,1.0,1.0,1.0
1350,bm25,0.6309297535714575,1.0,0.5
1351,bm25,1.0,1.0,1.0
1353,bm25,0.6309297535714575,1.0,0.5
1355,bm25,1.0,1.0,1.0
1356,bm25,1.0,1.0,1.0
1360,bm25,1.0,1.0,1.0
1361,bm25,0.6934264036172708,1.0,0.5
1364,bm25,1.0,1.0,1.0
1366,bm25,1.0,1.0,1.0
1367,bm25,1.0,1.0,1.0
1371,bm25,1.0,1.0,1.0
1372,bm25,1.0,1.0,1.0
1373,bm25,1.0,1.0,1.0
1374,bm25,0.43067655807339306,1.0,0.25
1375,bm25,0.43067655807339306,1.0,0.25
1376,bm25,0.43067655807339306,1.0,0.25
1378,bm25,1.0,1.0,1.0
1380,bm25,0.41618115554873086,1.0,0.3333333333333333
1381,bm25,1.0,1.0,1.0
1383,bm25,0.0,1.0,0.04
1386,bm25,1.0,1.0,1.0
1387,bm25,0.6309297535714575,1.0,0.5
1390,bm25,1.0,1.0,1.0
1391,bm25,1.0,1.0,1.0
1392,bm25,1.0,1.0,1.0
1393,bm25,0.0,1.0,0.09090909090909091
1394,bm25,0.0,0.0,0.0
1397,bm25,0.0,0.0,0.0
1398,bm25,0.0,1.0,0.08333333333333333
1400,bm25,0.6309297535714575,1.0,0.5
1401,bm25,1.0,1.0,1.0
1402,bm25,0.0,0.0,0.0
1403,bm25,1.0,1.0,1.0
1404,bm25,1.0,1.0,1.0
1405,bm25,1.0,1.0,1.0
1406,bm25,1.0,1.0,1.0
1407,bm25,0.38685280723454163,1.0,0.5
0,dense,0.43067655807339306,1.0,0.25
2,dense,0.6309297535714575,1.0,0.5
4,dense,0.0,1.0,0.01639344262295082
6,dense,0.43067655807339306,1.0,0.25
9,dense,1.0,1.0,1.0
10,dense,0.0,1.0,0.05263157894736842
11,dense,0.0,1.0,0.07142857142857142
12,dense,1.0,1.0,1.0
14,dense,0.0,0.0,0.0
15,dense,0.0,0.0,0.0
17,dense,0.0,1.0,0.05263157894736842
18,dense,0.0,1.0,0.022727272727272728
19,dense,1.0,1.0,1.0
20,dense,1.0,1.0,1.0
21,dense,1.0,1.0,1.0
22,dense,1.0,1.0,1.0
24,dense,0.6309297535714575,1.0,0.5
25,dense,0.5,1.0,0.3333333333333333
26,dense,0.31546487678572877,1.0,0.125
27,dense,0.3010299956639812,1.0,0.1111111111111111
28,dense,1.0,1.0,1.0
30,dense,1.0,1.0,1.0
32,dense,1.0,1.0,1.0
34,dense,1.0,1.0,1.0
35,dense,0.5802792108518124,1.0,0.5
37,dense,0.430624116386567,1.0,0.2
39,dense,1.0,1.0,1.0
40,dense,1.0,1.0,1.0
41,dense,1.0,1.0,1.0
43,dense,1.0,1.0,1.0
44,dense,1.0,1.0,1.0
45,dense,1.0,1.0,1.0
46,dense,1.0,1.0,1.0
47,dense,1.0,1.0,1.0
52,dense,1.0,1.0,1.0
55,dense,1.0,1.0,1.0
58,dense,1.0,1.0,1.0
60,dense,0.48247555939075504,1.0,0.25
61,dense,0.3065735963827292,1.0,0.3333333333333333
62,dense,0.0,1.0,0.041666666666666664
63,dense,0.0,0.0,0.0
64,dense,0.0,0.0,0.0
66,dense,0.0,1.0,0.01694915254237288
67,dense,1.0,1.0,1.0
68,dense,1.0,1.0,1.0
69,dense,0.0,1.0,0.08333333333333333
71,dense,1.0,1.0,1.0
73,dense,1.0,1.0,1.0
74,dense,1.0,1.0,1.0
76,dense,1.0,1.0,1.0
77,dense,1.0,1.0,1.0
78,dense,1.0,1.0,1.0
79,dense,0.38685280723454163,1.0,0.2
80,dense,0.31546487678572877,1.0,0.125
81,dense,0.2890648263178879,1.0,0.1
82,dense,1.0,1.0,1.0
85,dense,0.8503449055347546,1.0,1.0
86,dense,0.8503449055347546,1.0,1.0
88,dense,0.6240505200038379,1.0,0.5
89,dense,0.6509209298071326,1.0,0.5
90,dense,0.6309297535714575,1.0,0.5
91,dense,0.0,1.0,0.011111111111111112
92,dense,0.0,1.0,0.010869565217391304
93,dense,0.2890648263178879,1.0,0.1
95,dense,0.3333333333333333,1.0,0.14285714285714285
96,dense,1.0,1.0,1.0
98,dense,1.0,1.0,1.0
104,dense,1.0,1.0,1.0
105,dense,1.0,1.0,1.0
106,dense,1.0,1.0,1.0
108,dense,0.9060254355346823,1.0,1.0
109,dense,1.0,1.0,1.0
111,dense,1.0,1.0,1.0
112,dense,1.0,1.0,1.0
114,dense,1.0,1.0,1.0
116,dense,1.0,1.0,1.0
119,dense,1.0,1.0,1.0
120,dense,1.0,1.0,1.0
121,dense,0.43067655807339306,1.0,0.25
122,dense,0.3333333333333333,1.0,0.14285714285714285
123,dense,1.0,1.0,1.0
126,dense,1.0,1.0,1.0
134,dense,0.0,1.0,0.058823529411764705
138,dense,1.0,1.0,1.0
139,dense,0.0,0.0,0.0
144,dense,1.0,1.0,1.0
149,dense,0.6309297535714575,1.0,0.5
152,dense,1.0,1.0,1.0
153,dense,1.0,1.0,1.0
154,dense,1.0,1.0,1.0
155,dense,1.0,1.0,1.0
156,dense,1.0,1.0,1.0
157,dense,0.43067655807339306,1.0,0.25
159,dense,1.0,1.0,1.0
160,dense,1.0,1.0,1.0
161,dense,0.6309297535714575,1.0,0.5
164,dense,0.6309297535714575,1.0,0.5
165,dense,0.5,1.0,0.3333333333333333
166,dense,1.0,1.0,1.0
167,dense,1.0,1.0,1.0
168,dense,1.0,1.0,1.0
169,dense,0.6309297535714575,1.0,0.5
172,dense,1.0,1.0,1.0
173,dense,0.0,0.0,0.0
174,dense,1.0,1.0,1.0
175,dense,1.0,1.0,1.0
176,dense,0.0,1.0,0.08333333333333333
177,dense,1.0,1.0,1.0
178,dense,1.0,1.0,1.0
181,dense,1.0,1.0,1.0
182,dense,0.0,1.0,0.014285714285714285
184,dense,1.0,1.0,1.0
186,dense,1.0,1.0,1.0
187,dense,1.0,1.0,1.0
189,dense,1.0,1.0,1.0
196,dense,1.0,1.0,1.0
197,dense,0.3333333333333333,1.0,0.14285714285714285
199,dense,0.0,0.0,0.0
200,dense,0.31546487678572877,1.0,0.125
201,dense,0.6309297535714575,1.0,0.5
203,dense,1.0,1.0,1.0
204,dense,0.6309297535714575,1.0,0.5
205,dense,1.0,1.0,1.0
209,dense,0.0,1.0,0.058823529411764705
210,dense,1.0,1.0,1.0
211,dense,0.0,0.0,0.0
214,dense,0.3562071871080222,1.0,0.16666666666666666
220,dense,1.0,1.0,1.0
221,dense,1.0,1.0,1.0
222,dense,1.0,1.0,1.0
223,dense,0.43067655807339306,1.0,0.25
224,dense,0.0,1.0,0.05
225,dense,0.0,1.0,0.023809523809523808
226,dense,0.0,1.0,0.02857142857142857
227,dense,1.0,1.0,1.0
228,dense,1.0,1.0,1.0
229,dense,1.0,1.0,1.0
235,dense,1.0,1.0,1.0
241,dense,0.6131471927654584,1.0,1.0
242,dense,0.6131471927654584,1.0,1.0
243,dense,1.0,1.0,1.0
244,dense,1.0,1.0,1.0
245,dense,0.38685280723454163,1.0,0.5
246,dense,0.38685280723454163,1.0,0.5
247,dense,1.0,1.0,1.0
250,dense,0.6309297535714575,1.0,0.5
251,dense,0.6309297535714575,1.0,0.5
253,dense,0.5,1.0,0.3333333333333333
254,dense,0.5,1.0,0.3333333333333333
255,dense,0.6309297535714575,1.0,0.5
256,dense,0.6309297535714575,1.0,0.5
258,dense,0.0,1.0,0.08333333333333333
259,dense,0.0,1.0,0.011363636363636364
262,dense,0.0,1.0,0.014285714285714285
263,dense,0.38364913903790027,1.0,0.25
264,dense,1.0,1.0,1.0
265,dense,1.0,1.0,1.0
266,dense,1.0,1.0,1.0
267,dense,0.8315546295836225,1.0,1.0
272,dense,1.0,1.0,1.0
277,dense,1.0,1.0,1.0
278,dense,1.0,1.0,1.0
280,dense,1.0,1.0,1.0
281,dense,0.6309297535714575,1.0,0.5
283,dense,1.0,1.0,1.0
285,dense,0.43067655807339306,1.0,0.25
286,dense,1.0,1.0,1.0
287,dense,1.0,1.0,1.0
290,dense,0.6309297535714575,1.0,0.5
292,dense,0.5,1.0,0.3333333333333333
293,dense,0.0,1.0,0.047619047619047616
296,dense,0.6309297535714575,1.0,0.5
299,dense,1.0,1.0,1.0
301,dense,0.43067655807339306,1.0,0.25
304,dense,0.0,1.0,0.058823529411764705
305,dense,1.0,1.0,1.0
306,dense,1.0,1.0,1.0
308,dense,1.0,1.0,1.0
309,dense,1.0,1.0,1.0
310,dense,0.0,0.0,0.0
313,dense,0.0,0.0,0.0
315,dense,0.0,0.0,0.0
316,dense,0.3562071871080222,1.0,0.16666666666666666
317,dense,0.0,1.0,0.019230769230769232
323,dense,0.43067655807339306,1.0,0.25
325,dense,0.0,1.0,0.012987012987012988
326,dense,0.0,1.0,0.017857142857142856
330,dense,1.0,1.0,1.0
331,dense,1.0,1.0,1.0
332,dense,1.0,1.0,1.0
333,dense,1.0,1.0,1.0
334,dense,1.0,1.0,1.0
335,dense,1.0,1.0,1.0
336,dense,0.6309297535714575,1.0,0.5
337,dense,0.6309297535714575,1.0,0.5
339,dense,0.6309297535714575,1.0,0.5
340,dense,1.0,1.0,1.0
341,dense,1.0,1.0,1.0
342,dense,0.8175295903539445,1.0,1.0
345,dense,0.43067655807339306,1.0,0.25
346,dense,0.3333333333333333,1.0,0.14285714285714285
347,dense,0.3010299956639812,1.0,0.1111111111111111
349,dense,1.0,1.0,1.0
351,dense,0.0,0.0,0.0
352,dense,0.0,0.0,0.0
355,dense,0.8772153153380493,1.0,1.0
356,dense,0.6309297535714575,1.0,0.5
357,dense,1.0,1.0,1.0
358,dense,1.0,1.0,1.0
361,dense,1.0,1.0,1.0
363,dense,0.0,1.0,0.043478260869565216
364,dense,0.0,1.0,0.019230769230769232
365,dense,1.0,1.0,1.0
366,dense,1.0,1.0,1.0
367,dense,0.6309297535714575,1.0,0.5
368,dense,0.6309297535714575,1.0,0.5
369,dense,1.0,1.0,1.0
370,dense,1.0,1.0,1.0
371,dense,1.0,1.0,1.0
372,dense,1.0,1.0,1.0
375,dense,1.0,1.0,1.0
376,dense,1.0,1.0,1.0
377,dense,0.5,1.0,0.3333333333333333
378,dense,0.42159648284864404,1.0,0.3333333333333333
379,dense,1.0,1.0,1.0
381,dense,1.0,1.0,1.0
382,dense,0.0,1.0,0.034482758620689655
383,dense,0.0,1.0,0.03333333333333333
389,dense,1.0,1.0,1.0
390,dense,1.0,1.0,1.0
391,dense,0.6309297535714575,1.0,0.5
392,dense,1.0,1.0,1.0
393,dense,0.6309297535714575,1.0,0.5
394,dense,0.43067655807339306,1.0,0.25
396,dense,0.6309297535714575,1.0,0.5
397,dense,0.6309297535714575,1.0,0.5
398,dense,0.0,1.0,0.010752688172043012
400,dense,1.0,1.0,1.0
401,dense,0.38685280723454163,1.0,0.2
403,dense,0.0,0.0,0.0
404,dense,0.0,0.0,0.0
406,dense,0.0,1.0,0.027777777777777776
407,dense,0.2890648263178879,1.0,0.1
413,dense,0.0,1.0,0.08333333333333333
414,dense,0.0,1.0,0.058823529411764705
416,dense,0.0,1.0,0.0625
417,dense,0.0,1.0,0.06666666666666667
418,dense,0.0,1.0,0.010752688172043012
420,dense,1.0,1.0,1.0
422,dense,0.0,0.0,0.0
423,dense,0.0,1.0,0.07692307692307693
425,dense,1.0,1.0,1.0
426,dense,0.6309297535714575,1.0,0.5
428,dense,0.3562071871080222,1.0,0.16666666666666666
429,dense,0.6309297535714575,1.0,0.5
430,dense,0.0,1.0,0.07142857142857142
432,dense,1.0,1.0,1.0
434,dense,0.6309297535714575,1.0,0.5
435,dense,0.6309297535714575,1.0,0.5
441,dense,1.0,1.0,1.0
444,dense,1.0,1.0,1.0
445,dense,1.0,1.0,1.0
447,dense,1.0,1.0,1.0
448,dense,1.0,1.0,1.0
449,dense,0.0,1.0,0.09090909090909091
453,dense,1.0,1.0,1.0
454,dense,1.0,1.0,1.0
455,dense,0.0,1.0,0.02631578947368421
456,dense,0.0,1.0,0.015384615384615385
458,dense,1.0,1.0,1.0
461,dense,0.6309297535714575,1.0,0.5
463,dense,0.6309297535714575,1.0,0.5
466,dense,0.6309297535714575,1.0,0.5
469,dense,0.6309297535714575,1.0,0.5
470,dense,0.6309297535714575,1.0,0.5
472,dense,0.9060254355346823,1.0,1.0
473,dense,0.0,0.0,0.0
474,dense,0.0,0.0,0.0
479,dense,1.0,1.0,1.0
480,dense,1.0,1.0,1.0
481,dense,0.3562071871080222,1.0,0.16666666666666666
482,dense,1.0,1.0,1.0
483,dense,0.5,1.0,0.3333333333333333
484,dense,0.0,1.0,0.05263157894736842
485,dense,1.0,1.0,1.0
486,dense,0.0,1.0,0.058823529411764705
487,dense,1.0,1.0,1.0
488,dense,1.0,1.0,1.0
489,dense,0.0,1.0,0.05555555555555555
490,dense,1.0,1.0,1.0
492,dense,0.0,1.0,0.034482758620689655
493,dense,0.0,0.0,0.0
494,dense,0.0,1.0,0.0136986301369863
495,dense,1.0,1.0,1.0
498,dense,1.0,1.0,1.0
499,dense,1.0,1.0,1.0
500,dense,1.0,1.0,1.0
504,dense,0.6309297535714575,1.0,0.5
505,dense,1.0,1.0,1.0
506,dense,0.38685280723454163,1.0,0.2
509,dense,0.3010299956639812,1.0,0.1111111111111111
515,dense,1.0,1.0,1.0
523,dense,1.0,1.0,1.0
524,dense,1.0,1.0,1.0
526,dense,0.3010299956639812,1.0,0.1111111111111111
529,dense,0.5065745439910657,1.0,0.25
530,dense,0.41322699210894576,1.0,0.2
531,dense,0.5430667908374095,1.0,0.3333333333333333
537,dense,1.0,1.0,1.0
541,dense,0.34870224750355494,1.0,0.2
542,dense,1.0,1.0,1.0
545,dense,0.0,1.0,0.058823529411764705
547,dense,0.6309297535714575,1.0,0.5
548,dense,0.6309297535714575,1.0,0.5
550,dense,0.6309297535714575,1.0,0.5
553,dense,1.0,1.0,1.0
555,dense,0.0,1.0,0.03125
557,dense,0.6309297535714575,1.0,0.5
559,dense,0.0,0.0,0.0
562,dense,1.0,1.0,1.0
563,dense,1.0,1.0,1.0
564,dense,1.0,1.0,1.0
565,dense,1.0,1.0,1.0
566,dense,1.0,1.0,1.0
568,dense,1.0,1.0,1.0
570,dense,1.0,1.0,1.0
571,dense,1.0,1.0,1.0
572,dense,0.0,1.0,0.012987012987012988
573,dense,1.0,1.0,1.0
574,dense,1.0,1.0,1.0
576,dense,1.0,1.0,1.0
579,dense,1.0,1.0,1.0
580,dense,1.0,1.0,1.0
582,dense,1.0,1.0,1.0
584,dense,1.0,1.0,1.0
585,dense,1.0,1.0,1.0
588,dense,0.0,1.0,0.027777777777777776
590,dense,1.0,1.0,1.0
591,dense,1.0,1.0,1.0
592,dense,1.0,1.0,1.0
594,dense,1.0,1.0,1.0
595,dense,0.6309297535714575,1.0,0.5
600,dense,0.6309297535714575,1.0,0.5
601,dense,1.0,1.0,1.0
602,dense,0.0,0.0,0.0
603,dense,1.0,1.0,1.0
606,dense,0.3562071871080222,1.0,0.16666666666666666
607,dense,0.0,1.0,0.016129032258064516
609,dense,0.0,1.0,0.05
610,dense,0.0,1.0,0.07692307692307693
611,dense,0.5,1.0,0.3333333333333333
612,dense,1.0,1.0,1.0
614,dense,1.0,1.0,1.0
615,dense,1.0,1.0,1.0
616,dense,0.0,0.0,0.0
617,dense,0.0,0.0,0.0
618,dense,0.5,1.0,0.3333333333333333
620,dense,0.0,1.0,0.013157894736842105
621,dense,1.0,1.0,1.0
622,dense,0.0,1.0,0.0625
624,dense,1.0,1.0,1.0
625,dense,1.0,1.0,1.0
626,dense,1.0,1.0,1.0
631,dense,1.0,1.0,1.0
632,dense,1.0,1.0,1.0
633,dense,1.0,1.0,1.0
635,dense,0.6309297535714575,1.0,0.5
638,dense,0.43067655807339306,1.0,0.25
640,dense,0.43067655807339306,1.0,0.25
642,dense,0.0,1.0,0.029411764705882353
643,dense,1.0,1.0,1.0
645,dense,0.0,1.0,0.08333333333333333
646,dense,0.0,1.0,0.08333333333333333
647,dense,0.6309297535714575,1.0,0.5
648,dense,0.5,1.0,0.3333333333333333
650,dense,1.0,1.0,1.0
651,dense,0.6309297535714575,1.0,0.5
652,dense,0.6309297535714575,1.0,0.5
653,dense,0.6309297535714575,1.0,0.5
654,dense,1.0,1.0,1.0
655,dense,1.0,1.0,1.0
657,dense,0.5,1.0,0.3333333333333333
658,dense,1.0,1.0,1.0
661,dense,1.0,1.0,1.0
662,dense,1.0,1.0,1.0
663,dense,1.0,1.0,1.0
665,dense,1.0,1.0,1.0
666,dense,1.0,1.0,1.0
667,dense,1.0,1.0,1.0
668,dense,1.0,1.0,1.0
669,dense,0.8503449055347546,1.0,1.0
670,dense,1.0,1.0,1.0
671,dense,1.0,1.0,1.0
672,dense,1.0,1.0,1.0
673,dense,0.38685280723454163,1.0,0.2
676,dense,1.0,1.0,1.0
677,dense,1.0,1.0,1.0
679,dense,0.0,1.0,0.045454545454545456
680,dense,0.6309297535714575,1.0,0.5
681,dense,1.0,1.0,1.0
682,dense,0.6309297535714575,1.0,0.5
683,dense,1.0,1.0,1.0
685,dense,0.5,1.0,0.3333333333333333
686,dense,0.3562071871080222,1.0,0.16666666666666666
687,dense,0.43067655807339306,1.0,0.25
688,dense,0.5,1.0,0.3333333333333333
689,dense,0.0,0.0,0.0
694,dense,1.0,1.0,1.0
696,dense,0.31546487678572877,1.0,0.125
698,dense,0.5,1.0,0.3333333333333333
703,dense,0.6309297535714575,1.0,0.5
704,dense,0.0,0.0,0.0
705,dense,0.6309297535714575,1.0,0.5
709,dense,0.6309297535714575,1.0,0.5
710,dense,0.5,1.0,0.3333333333333333
713,dense,0.0,1.0,0.02702702702702703
714,dense,0.0,1.0,0.03333333333333333
717,dense,1.0,1.0,1.0
724,dense,1.0,1.0,1.0
726,dense,0.6509209298071326,1.0,0.5
730,dense,1.0,1.0,1.0
732,dense,0.5,1.0,0.3333333333333333
733,dense,0.3562071871080222,1.0,0.16666666666666666
734,dense,0.43067655807339306,1.0,0.25
736,dense,1.0,1.0,1.0
737,dense,0.6131471927654584,1.0,1.0
738,dense,0.46927872602275644,1.0,1.0
739,dense,0.0,1.0,0.0625
740,dense,1.0,1.0,1.0
745,dense,1.0,1.0,1.0
746,dense,1.0,1.0,1.0
747,dense,1.0,1.0,1.0
748,dense,1.0,1.0,1.0
749,dense,0.0,1.0,0.014285714285714285
751,dense,1.0,1.0,1.0
752,dense,1.0,1.0,1.0
753,dense,0.0,1.0,0.03333333333333333
755,dense,0.0,0.0,0.0
757,dense,1.0,1.0,1.0
758,dense,0.0,1.0,0.07142857142857142
760,dense,1.0,1.0,1.0
761,dense,0.0,1.0,0.030303030303030304
762,dense,0.0,1.0,0.047619047619047616
764,dense,1.0,1.0,1.0
765,dense,1.0,1.0,1.0
766,dense,1.0,1.0,1.0
767,dense,1.0,1.0,1.0
771,dense,1.0,1.0,1.0
772,dense,1.0,1.0,1.0
774,dense,0.0,1.0,0.07142857142857142
776,dense,0.0,1.0,0.043478260869565216
777,dense,0.0,1.0,0.041666666666666664
778,dense,1.0,1.0,1.0
779,dense,1.0,1.0,1.0
780,dense,1.0,1.0,1.0
782,dense,0.5,1.0,0.3333333333333333
787,dense,1.0,1.0,1.0
788,dense,1.0,1.0,1.0
789,dense,1.0,1.0,1.0
790,dense,1.0,1.0,1.0
791,dense,0.6309297535714575,1.0,0.5
792,dense,1.0,1.0,1.0
795,dense,1.0,1.0,1.0
797,dense,1.0,1.0,1.0
798,dense,0.6309297535714575,1.0,0.5
799,dense,1.0,1.0,1.0
801,dense,1.0,1.0,1.0
802,dense,1.0,1.0,1.0
803,dense,1.0,1.0,1.0
804,dense,0.6309297535714575,1.0,0.5
807,dense,1.0,1.0,1.0
810,dense,0.6309297535714575,1.0,0.5
812,dense,1.0,1.0,1.0
813,dense,1.0,1.0,1.0
815,dense,0.6309297535714575,1.0,0.5
816,dense,0.5,1.0,0.3333333333333333
817,dense,0.5,1.0,0.3333333333333333
818,dense,0.0,1.0,0.09090909090909091
822,dense,0.6309297535714575,1.0,0.5
825,dense,0.6309297535714575,1.0,0.5
826,dense,0.38685280723454163,1.0,0.2
828,dense,0.0,0.0,0.0
835,dense,0.6309297535714575,1.0,0.5
838,dense,0.0,0.0,0.0
840,dense,1.0,1.0,1.0
841,dense,0.43067655807339306,1.0,0.25
844,dense,1.0,1.0,1.0
846,dense,0.6309297535714575,1.0,0.5
848,dense,1.0,1.0,1.0
853,dense,1.0,1.0,1.0
854,dense,1.0,1.0,1.0
855,dense,1.0,1.0,1.0
856,dense,0.0,1.0,0.014285714285714285
857,dense,0.0,1.0,0.014285714285714285
858,dense,0.5,1.0,0.3333333333333333
860,dense,1.0,1.0,1.0
861,dense,1.0,1.0,1.0
863,dense,0.5249810332008933,1.0,0.3333333333333333
866,dense,0.6309297535714575,1.0,0.5
867,dense,1.0,1.0,1.0
871,dense,0.0,1.0,0.045454545454545456
876,dense,0.0,1.0,0.03571428571428571
877,dense,1.0,1.0,1.0
881,dense,1.0,1.0,1.0
883,dense,1.0,1.0,1.0
884,dense,1.0,1.0,1.0
885,dense,1.0,1.0,1.0
886,dense,1.0,1.0,1.0
890,dense,0.43067655807339306,1.0,0.25
891,dense,0.43067655807339306,1.0,0.25
893,dense,1.0,1.0,1.0
894,dense,0.0,1.0,0.05263157894736842
895,dense,0.0,0.0,0.0
896,dense,1.0,1.0,1.0
897,dense,1.0,1.0,1.0
898,dense,0.7977228895450266,1.0,1.0
899,dense,0.8315546295836225,1.0,1.0
900,dense,0.0,1.0,0.016666666666666666
901,dense,1.0,1.0,1.0
902,dense,1.0,1.0,1.0
908,dense,1.0,1.0,1.0
909,dense,1.0,1.0,1.0
910,dense,1.0,1.0,1.0
912,dense,1.0,1.0,1.0
916,dense,0.0,0.0,0.0
917,dense,1.0,1.0,1.0
919,dense,1.0,1.0,1.0
923,dense,1.0,1.0,1.0
925,dense,1.0,1.0,1.0
926,dense,1.0,1.0,1.0
927,dense,1.0,1.0,1.0
928,dense,0.6309297535714575,1.0,0.5
929,dense,0.5,1.0,0.3333333333333333
930,dense,0.6309297535714575,1.0,0.5
933,dense,1.0,1.0,1.0
934,dense,0.38685280723454163,1.0,0.2
935,dense,0.0,1.0,0.058823529411764705
938,dense,0.38685280723454163,1.0,0.2
939,dense,0.31546487678572877,1.0,0.125
940,dense,1.0,1.0,1.0
941,dense,1.0,1.0,1.0
942,dense,0.3562071871080222,1.0,0.16666666666666666
944,dense,1.0,1.0,1.0
945,dense,0.6505998846696008,1.0,0.5
946,dense,0.6665048698100113,1.0,0.5
949,dense,0.0,0.0,0.0
951,dense,0.5,1.0,0.3333333333333333
952,dense,1.0,1.0,1.0
953,dense,1.0,1.0,1.0
954,dense,1.0,1.0,1.0
955,dense,0.8315546295836225,1.0,1.0
959,dense,1.0,1.0,1.0
962,dense,0.9469024295259745,1.0,1.0
963,dense,0.8315546295836225,1.0,1.0
964,dense,0.8315546295836225,1.0,1.0
965,dense,1.0,1.0,1.0
969,dense,0.6240505200038379,1.0,0.5
970,dense,0.6240505200038379,1.0,0.5
972,dense,0.7045057227504283,1.0,0.5
973,dense,0.7606395682357036,1.0,0.5
976,dense,0.0,0.0,0.0
977,dense,0.0,0.0,0.0
978,dense,0.0,0.0,0.0
979,dense,1.0,1.0,1.0
980,dense,1.0,1.0,1.0
984,dense,1.0,1.0,1.0
988,dense,0.0,1.0,0.010416666666666666
989,dense,0.31546487678572877,1.0,0.125
990,dense,1.0,1.0,1.0
992,dense,1.0,1.0,1.0
994,dense,1.0,1.0,1.0
996,dense,0.31546487678572877,1.0,0.125
997,dense,1.0,1.0,1.0
998,dense,1.0,1.0,1.0
999,dense,1.0,1.0,1.0
1000,dense,0.6309297535714575,1.0,0.5
1001,dense,0.6309297535714575,1.0,0.5
1002,dense,0.0,1.0,0.011111111111111112
1003,dense,0.2960819109658652,1.0,0.5
1004,dense,0.6978817289434457,1.0,0.5
1005,dense,0.6978817289434457,1.0,0.5
1006,dense,1.0,1.0,1.0
1008,dense,0.0,0.0,0.0
1009,dense,1.0,1.0,1.0
1011,dense,1.0,1.0,1.0
1015,dense,1.0,1.0,1.0
1016,dense,1.0,1.0,1.0
1018,dense,1.0,1.0,1.0
1023,dense,1.0,1.0,1.0
1025,dense,0.6309297535714575,1.0,0.5
1026,dense,0.6309297535714575,1.0,0.5
1027,dense,0.38685280723454163,1.0,0.2
1028,dense,0.8503449055347546,1.0,1.0
1030,dense,1.0,1.0,1.0
1031,dense,1.0,1.0,1.0
1032,dense,0.6309297535714575,1.0,0.5
1033,dense,0.5,1.0,0.3333333333333333
1034,dense,0.6309297535714575,1.0,0.5
1035,dense,0.6309297535714575,1.0,0.5
1036,dense,0.3010299956639812,1.0,0.1111111111111111
1037,dense,1.0,1.0,1.0
1038,dense,1.0,1.0,1.0
1040,dense,0.0,1.0,0.07692307692307693
1042,dense,1.0,1.0,1.0
1043,dense,1.0,1.0,1.0
1044,dense,1.0,1.0,1.0
1045,dense,1.0,1.0,1.0
1046,dense,0.0,0.6666666666666666,0.02040816326530612
1047,dense,0.0,1.0,0.014925373134328358
1048,dense,0.0,1.0,0.0625
1050,dense,1.0,1.0,1.0
1052,dense,0.43067655807339306,1.0,0.25
1053,dense,0.5,1.0,0.3333333333333333
1054,dense,1.0,1.0,1.0
1055,dense,1.0,1.0,1.0
1056,dense,0.5,1.0,0.3333333333333333
1058,dense,1.0,1.0,1.0
1065,dense,1.0,1.0,1.0
1067,dense,0.0,1.0,0.05555555555555555
1068,dense,0.0,1.0,0.058823529411764705
1069,dense,1.0,1.0,1.0
1070,dense,0.38685280723454163,1.0,0.2
1072,dense,0.6309297535714575,1.0,0.5
1073,dense,0.6309297535714575,1.0,0.5
1074,dense,0.0,1.0,0.024390243902439025
1075,dense,0.0,1.0,0.02857142857142857
1081,dense,1.0,1.0,1.0
1084,dense,1.0,1.0,1.0
1085,dense,1.0,1.0,1.0
1087,dense,1.0,1.0,1.0
1090,dense,1.0,1.0,1.0
1091,dense,0.0,0.0,0.0
1096,dense,0.0,1.0,0.03225806451612903
1097,dense,0.3333333333333333,1.0,0.14285714285714285
1098,dense,0.0,0.0,0.0
1101,dense,1.0,1.0,1.0
1102,dense,1.0,1.0,1.0
1103,dense,1.0,1.0,1.0
1105,dense,1.0,1.0,1.0
1106,dense,1.0,1.0,1.0
1109,dense,0.0,0.5,0.015151515151515152
1111,dense,0.0,1.0,0.05263157894736842
1112,dense,0.0,1.0,0.025
1114,dense,1.0,1.0,1.0
1115,dense,1.0,1.0,1.0
1118,dense,1.0,1.0,1.0
1119,dense,0.7328286204777911,1.0,0.5
1120,dense,0.7328286204777911,1.0,0.5
1125,dense,1.0,1.0,1.0
1126,dense,1.0,1.0,1.0
1127,dense,0.0,1.0,0.029411764705882353
1128,dense,0.18457569677956817,1.0,0.1111111111111111
1133,dense,1.0,1.0,1.0
1134,dense,1.0,1.0,1.0
1135,dense,1.0,1.0,1.0
1136,dense,1.0,1.0,1.0
1138,dense,0.0,1.0,0.058823529411764705
1139,dense,0.6309297535714575,1.0,0.5
1141,dense,1.0,1.0,1.0
1142,dense,1.0,1.0,1.0
1145,dense,1.0,1.0,1.0
1148,dense,1.0,1.0,1.0
1153,dense,1.0,1.0,1.0
1156,dense,0.0,1.0,0.025
1157,dense,0.0,0.0,0.0
1158,dense,0.0,1.0,0.012987012987012988
1159,dense,0.0,0.0,0.0
1161,dense,0.38685280723454163,1.0,0.2
1162,dense,1.0,1.0,1.0
1164,dense,1.0,1.0,1.0
1165,dense,1.0,1.0,1.0
1166,dense,0.0,1.0,0.06666666666666667
1168,dense,0.6309297535714575,1.0,0.5
1169,dense,0.43067655807339306,1.0,0.25
1170,dense,1.0,1.0,1.0
1171,dense,1.0,1.0,1.0
1173,dense,1.0,1.0,1.0
1174,dense,0.0,0.0,0.0
1176,dense,1.0,1.0,1.0
1177,dense,1.0,1.0,1.0
1178,dense,0.0,0.0,0.0
1181,dense,0.9828920819566879,1.0,1.0
1182,dense,0.6309297535714575,1.0,0.5
1183,dense,1.0,1.0,1.0
1184,dense,0.5,1.0,0.3333333333333333
1186,dense,1.0,1.0,1.0
1188,dense,1.0,1.0,1.0
1190,dense,1.0,1.0,1.0
1193,dense,0.6309297535714575,1.0,0.5
1195,dense,1.0,1.0,1.0
1205,dense,1.0,1.0,1.0
1206,dense,1.0,1.0,1.0
1208,dense,1.0,1.0,1.0
1209,dense,0.0,1.0,0.030303030303030304
1210,dense,1.0,1.0,1.0
1211,dense,1.0,1.0,1.0
1212,dense,0.0,0.5,0.014084507042253521
1214,dense,0.0,0.0,0.0
1215,dense,0.2890648263178879,1.0,0.1
1218,dense,0.0,1.0,0.04
1219,dense,0.8175295903539445,1.0,1.0
1220,dense,0.6309297535714575,1.0,0.5
1223,dense,0.5,1.0,0.3333333333333333
1224,dense,0.8065735963827293,1.0,1.0
1227,dense,1.0,1.0,1.0
1228,dense,1.0,1.0,1.0
1229,dense,1.0,1.0,1.0
1230,dense,1.0,1.0,1.0
1231,dense,1.0,1.0,1.0
1234,dense,1.0,1.0,1.0
1235,dense,0.43067655807339306,1.0,0.25
1236,dense,0.43067655807339306,1.0,0.25
1237,dense,1.0,1.0,1.0
1238,dense,1.0,1.0,1.0
1239,dense,0.2640681225725909,1.0,0.25
1244,dense,0.43067655807339306,1.0,0.25
1246,dense,0.0,1.0,0.012345679012345678
1247,dense,0.0,1.0,0.016666666666666666
1248,dense,1.0,1.0,1.0
1249,dense,1.0,1.0,1.0
1253,dense,0.43067655807339306,1.0,0.25
1254,dense,1.0,1.0,1.0
1255,dense,0.0,1.0,0.023809523809523808
1257,dense,0.0,1.0,0.013333333333333334
1258,dense,0.0,0.0,0.0
1260,dense,0.6309297535714575,1.0,0.5
1261,dense,0.6309297535714575,1.0,0.5
1263,dense,1.0,1.0,1.0
1265,dense,0.38685280723454163,1.0,0.2
1268,dense,0.6309297535714575,1.0,0.5
1269,dense,1.0,1.0,1.0
1275,dense,1.0,1.0,1.0
1276,dense,0.6309297535714575,1.0,0.5
1284,dense,1.0,1.0,1.0
1288,dense,1.0,1.0,1.0
1289,dense,1.0,1.0,1.0
1291,dense,1.0,1.0,1.0
1293,dense,1.0,1.0,1.0
1294,dense,0.6240505200038379,1.0,0.5
1295,dense,1.0,1.0,1.0
1297,dense,1.0,1.0,1.0
1300,dense,0.0,1.0,0.012345679012345678
1302,dense,0.0,0.0,0.0
1304,dense,0.0,0.0,0.0
1305,dense,1.0,1.0,1.0
1306,dense,0.0,1.0,0.02857142857142857
1307,dense,0.0,0.0,0.0
1308,dense,0.0,0.0,0.0
1309,dense,0.0,0.0,0.0
1310,dense,0.5,1.0,0.3333333333333333
1311,dense,1.0,1.0,1.0
1312,dense,1.0,1.0,1.0
1314,dense,0.38685280723454163,0.5,0.5
1315,dense,0.38685280723454163,0.5,0.5
1322,dense,1.0,1.0,1.0
1323,dense,1.0,1.0,1.0
1324,dense,1.0,1.0,1.0
1325,dense,0.0,1.0,0.05555555555555555
1327,dense,1.0,1.0,1.0
1328,dense,0.6309297535714575,1.0,0.5
1330,dense,0.0,0.0,0.0
1331,dense,0.0,0.0,0.0
1333,dense,1.0,1.0,1.0
1334,dense,0.43734888382569426,0.6666666666666666,0.5
1340,dense,1.0,1.0,1.0
1341,dense,1.0,1.0,1.0
1342,dense,0.6309297535714575,1.0,0.5
1345,dense,0.0,1.0,0.05
1346,dense,0.0,1.0,0.038461538461538464
1347,dense,1.0,1.0,1.0
1348,dense,1.0,1.0,1.0
1349,dense,1.0,1.0,1.0
1350,dense,1.0,1.0,1.0
1351,dense,1.0,1.0,1.0
1353,dense,0.6309297535714575,1.0,0.5
1355,dense,1.0,1.0,1.0
1356,dense,1.0,1.0,1.0
1360,dense,1.0,1.0,1.0
1361,dense,0.9197207891481876,1.0,1.0
1364,dense,0.0,0.0,0.0
1366,dense,0.6309297535714575,1.0,0.5
1367,dense,0.43067655807339306,1.0,0.25
1371,dense,1.0,1.0,1.0
1372,dense,1.0,1.0,1.0
1373,dense,1.0,1.0,1.0
1374,dense,0.6309297535714575,1.0,0.5
1375,dense,0.6309297535714575,1.0,0.5
1376,dense,0.6309297535714575,1.0,0.5
1378,dense,1.0,1.0,1.0
1380,dense,0.7122630665145961,1.0,0.5
1381,dense,1.0,1.0,1.0
1383,dense,1.0,1.0,1.0
1386,dense,0.6309297535714575,1.0,0.5
1387,dense,0.0,1.0,0.08333333333333333
1390,dense,1.0,1.0,1.0
1391,dense,1.0,1.0,1.0
1392,dense,1.0,1.0,1.0
1393,dense,0.8772153153380493,1.0,1.0
1394,dense,0.43067655807339306,1.0,0.25
1397,dense,0.6309297535714575,1.0,0.5
1398,dense,0.0,1.0,0.01818181818181818
1400,dense,0.0,1.0,0.03571428571428571
1401,dense,1.0,1.0,1.0
1402,dense,0.0,0.0,0.0
1403,dense,0.8175295903539445,1.0,1.0
1404,dense,0.6131471927654584,1.0,1.0
1405,dense,0.5,1.0,0.3333333333333333
1406,dense,1.0,1.0,1.0
1407,dense,0.0,1.0,0.05
0,hybrid,0.0,1.0,0.03571428571428571
2,hybrid,1.0,1.0,1.0
4,hybrid,0.0,1.0,0.05
6,hybrid,0.6309297535714575,1.0,0.5
9,hybrid,1.0,1.0,1.0
10,hybrid,0.38685280723454163,1.0,0.2
11,hybrid,0.43067655807339306,1.0,0.25
12,hybrid,1.0,1.0,1.0
14,hybrid,0.0,1.0,0.08333333333333333
15,hybrid,0.0,0.0,0.0
17,hybrid,0.0,1.0,0.02857142857142857
18,hybrid,0.0,1.0,0.07692307692307693
19,hybrid,0.43067655807339306,1.0,0.25
20,hybrid,0.43067655807339306,1.0,0.25
21,hybrid,0.6309297535714575,1.0,0.5
22,hybrid,1.0,1.0,1.0
24,hybrid,0.6309297535714575,1.0,0.5
25,hybrid,1.0,1.0,1.0
26,hybrid,0.0,1.0,0.045454545454545456
27,hybrid,0.0,1.0,0.043478260869565216
28,hybrid,1.0,1.0,1.0
30,hybrid,0.6309297535714575,1.0,0.5
32,hybrid,1.0,1.0,1.0
34,hybrid,1.0,1.0,1.0
35,hybrid,0.2640681225725909,1.0,0.25
37,hybrid,0.23719771276929622,1.0,0.2
39,hybrid,1.0,1.0,1.0
40,hybrid,1.0,1.0,1.0
41,hybrid,1.0,1.0,1.0
43,hybrid,1.0,1.0,1.0
44,hybrid,1.0,1.0,1.0
45,hybrid,1.0,1.0,1.0
46,hybrid,1.0,1.0,1.0
47,hybrid,1.0,1.0,1.0
52,hybrid,1.0,1.0,1.0
55,hybrid,0.6309297535714575,1.0,0.5
58,hybrid,1.0,1.0,1.0
60,hybrid,0.6509209298071326,1.0,0.5
61,hybrid,0.5640920940185894,1.0,0.5
62,hybrid,0.43067655807339306,1.0,0.25
63,hybrid,0.0,0.0,0.0
64,hybrid,0.0,0.0,0.0
66,hybrid,0.0,1.0,0.011627906976744186
67,hybrid,1.0,1.0,1.0
68,hybrid,1.0,1.0,1.0
69,hybrid,0.5714285040141098,1.0,0.5
71,hybrid,1.0,1.0,1.0
73,hybrid,1.0,1.0,1.0
74,hybrid,1.0,1.0,1.0
76,hybrid,1.0,1.0,1.0
77,hybrid,1.0,1.0,1.0
78,hybrid,1.0,1.0,1.0
79,hybrid,0.6309297535714575,1.0,0.5
80,hybrid,0.6309297535714575,1.0,0.5
81,hybrid,0.3010299956639812,1.0,0.1111111111111111
82,hybrid,1.0,1.0,1.0
85,hybrid,0.9197207891481876,1.0,1.0
86,hybrid,0.9197207891481876,1.0,1.0
88,hybrid,0.6052602440527057,1.0,0.5
89,hybrid,0.5249810332008933,1.0,0.3333333333333333
90,hybrid,0.5,1.0,0.3333333333333333
91,hybrid,0.0,0.0,0.0
92,hybrid,0.0,0.0,0.0
93,hybrid,0.31546487678572877,1.0,0.125
95,hybrid,0.0,1.0,0.037037037037037035
96,hybrid,1.0,1.0,1.0
98,hybrid,1.0,1.0,1.0
104,hybrid,1.0,1.0,1.0
105,hybrid,1.0,1.0,1.0
106,hybrid,1.0,1.0,1.0
108,hybrid,0.9674679834891693,1.0,1.0
109,hybrid,0.6309297535714575,1.0,0.5
111,hybrid,1.0,1.0,1.0
112,hybrid,1.0,1.0,1.0
114,hybrid,1.0,1.0,1.0
116,hybrid,1.0,1.0,1.0
119,hybrid,1.0,1.0,1.0
120,hybrid,1.0,1.0,1.0
121,hybrid,0.38685280723454163,1.0,0.2
122,hybrid,0.31546487678572877,1.0,0.125
123,hybrid,1.0,1.0,1.0
126,hybrid,1.0,1.0,1.0
134,hybrid,0.0,1.0,0.09090909090909091
138,hybrid,1.0,1.0,1.0
139,hybrid,0.0,0.0,0.0
144,hybrid,1.0,1.0,1.0
149,hybrid,1.0,1.0,1.0
152,hybrid,1.0,1.0,1.0
153,hybrid,1.0,1.0,1.0
154,hybrid,1.0,1.0,1.0
155,hybrid,1.0,1.0,1.0
156,hybrid,1.0,1.0,1.0
157,hybrid,0.6309297535714575,1.0,0.5
159,hybrid,1.0,1.0,1.0
160,hybrid,1.0,1.0,1.0
161,hybrid,1.0,1.0,1.0
164,hybrid,1.0,1.0,1.0
165,hybrid,1.0,1.0,1.0
166,hybrid,1.0,1.0,1.0
167,hybrid,1.0,1.0,1.0
168,hybrid,1.0,1.0,1.0
169,hybrid,1.0,1.0,1.0
172,hybrid,1.0,1.0,1.0
173,hybrid,0.0,0.0,0.0
174,hybrid,1.0,1.0,1.0
175,hybrid,1.0,1.0,1.0
176,hybrid,0.6309297535714575,1.0,0.5
177,hybrid,1.0,1.0,1.0
178,hybrid,0.8318724637288826,1.0,1.0
181,hybrid,1.0,1.0,1.0
182,hybrid,0.0,1.0,0.045454545454545456
184,hybrid,1.0,1.0,1.0
186,hybrid,1.0,1.0,1.0
187,hybrid,1.0,1.0,1.0
189,hybrid,0.6309297535714575,1.0,0.5
196,hybrid,1.0,1.0,1.0
197,hybrid,1.0,1.0,1.0
199,hybrid,0.43067655807339306,1.0,0.25
200,hybrid,0.43067655807339306,1.0,0.25
201,hybrid,1.0,1.0,1.0
203,hybrid,1.0,1.0,1.0
204,hybrid,1.0,1.0,1.0
205,hybrid,1.0,1.0,1.0
209,hybrid,0.38685280723454163,1.0,0.2
210,hybrid,1.0,1.0,1.0
211,hybrid,0.0,1.0,0.010526315789473684
214,hybrid,0.38685280723454163,1.0,0.2
220,hybrid,1.0,1.0,1.0
221,hybrid,1.0,1.0,1.0
222,hybrid,1.0,1.0,1.0
223,hybrid,1.0,1.0,1.0
224,hybrid,0.0,1.0,0.05555555555555555
225,hybrid,0.0,1.0,0.012048192771084338
226,hybrid,0.0,1.0,0.011494252873563218
227,hybrid,1.0,1.0,1.0
228,hybrid,1.0,1.0,1.0
229,hybrid,1.0,1.0,1.0
235,hybrid,1.0,1.0,1.0
241,hybrid,0.17723928678404774,1.0,0.1
242,hybrid,0.18457569677956817,1.0,0.1111111111111111
243,hybrid,1.0,1.0,1.0
244,hybrid,1.0,1.0,1.0
245,hybrid,0.6131471927654584,1.0,1.0
246,hybrid,0.6131471927654584,1.0,1.0
247,hybrid,0.5,1.0,0.3333333333333333
250,hybrid,1.0,1.0,1.0
251,hybrid,1.0,1.0,1.0
253,hybrid,0.5,1.0,0.3333333333333333
254,hybrid,0.5,1.0,0.3333333333333333
255,hybrid,1.0,1.0,1.0
256,hybrid,1.0,1.0,1.0
258,hybrid,0.6309297535714575,1.0,0.5
259,hybrid,0.0,1.0,0.05555555555555555
262,hybrid,0.0,1.0,0.018867924528301886
263,hybrid,0.9066276098484507,1.0,1.0
264,hybrid,1.0,1.0,1.0
265,hybrid,1.0,1.0,1.0
266,hybrid,1.0,1.0,1.0
267,hybrid,0.9197207891481876,1.0,1.0
272,hybrid,1.0,1.0,1.0
277,hybrid,1.0,1.0,1.0
278,hybrid,1.0,1.0,1.0
280,hybrid,1.0,1.0,1.0
281,hybrid,1.0,1.0,1.0
283,hybrid,1.0,1.0,1.0
285,hybrid,0.6309297535714575,1.0,0.5
286,hybrid,1.0,1.0,1.0
287,hybrid,1.0,1.0,1.0
290,hybrid,1.0,1.0,1.0
292,hybrid,1.0,1.0,1.0
293,hybrid,0.6309297535714575,1.0,0.5
296,hybrid,1.0,1.0,1.0
299,hybrid,1.0,1.0,1.0
301,hybrid,0.6309297535714575,1.0,0.5
304,hybrid,0.6309297535714575,1.0,0.5
305,hybrid,1.0,1.0,1.0
306,hybrid,1.0,1.0,1.0
308,hybrid,1.0,1.0,1.0
309,hybrid,1.0,1.0,1.0
310,hybrid,0.0,1.0,0.041666666666666664
313,hybrid,0.0,1.0,0.03333333333333333
315,hybrid,0.0,1.0,0.019230769230769232
316,hybrid,0.43067655807339306,1.0,0.25
317,hybrid,0.3562071871080222,1.0,0.16666666666666666
323,hybrid,0.5,1.0,0.3333333333333333
325,hybrid,0.3010299956639812,1.0,0.1111111111111111
326,hybrid,0.3010299956639812,1.0,0.1111111111111111
330,hybrid,1.0,1.0,1.0
331,hybrid,1.0,1.0,1.0
332,hybrid,1.0,1.0,1.0
333,hybrid,1.0,1.0,1.0
334,hybrid,1.0,1.0,1.0
335,hybrid,1.0,1.0,1.0
336,hybrid,0.5,1.0,0.3333333333333333
337,hybrid,0.5,1.0,0.3333333333333333
339,hybrid,1.0,1.0,1.0
340,hybrid,1.0,1.0,1.0
341,hybrid,1.0,1.0,1.0
342,hybrid,0.8772153153380493,1.0,1.0
345,hybrid,0.6309297535714575,1.0,0.5
346,hybrid,0.5,1.0,0.3333333333333333
347,hybrid,0.5,1.0,0.3333333333333333
349,hybrid,1.0,1.0,1.0
351,hybrid,0.0,0.0,0.0
352,hybrid,0.0,1.0,0.023809523809523808
355,hybrid,0.9197207891481876,1.0,1.0
356,hybrid,1.0,1.0,1.0
357,hybrid,0.6309297535714575,1.0,0.5
358,hybrid,0.6309297535714575,1.0,0.5
361,hybrid,1.0,1.0,1.0
363,hybrid,0.38685280723454163,1.0,0.2
364,hybrid,0.2890648263178879,1.0,0.1
365,hybrid,1.0,1.0,1.0
366,hybrid,1.0,1.0,1.0
367,hybrid,1.0,1.0,1.0
368,hybrid,1.0,1.0,1.0
369,hybrid,1.0,1.0,1.0
370,hybrid,1.0,1.0,1.0
371,hybrid,1.0,1.0,1.0
372,hybrid,1.0,1.0,1.0
375,hybrid,1.0,1.0,1.0
376,hybrid,0.5,1.0,0.3333333333333333
377,hybrid,1.0,1.0,1.0
378,hybrid,0.6217937096682962,1.0,1.0
379,hybrid,1.0,1.0,1.0
381,hybrid,1.0,1.0,1.0
382,hybrid,0.0,1.0,0.058823529411764705
383,hybrid,0.2890648263178879,1.0,0.1
389,hybrid,0.6309297535714575,1.0,0.5
390,hybrid,0.6309297535714575,1.0,0.5
391,hybrid,0.6309297535714575,1.0,0.5
392,hybrid,0.6309297535714575,1.0,0.5
393,hybrid,0.6309297535714575,1.0,0.5
394,hybrid,0.6309297535714575,1.0,0.5
396,hybrid,1.0,1.0,1.0
397,hybrid,1.0,1.0,1.0
398,hybrid,0.0,1.0,0.015873015873015872
400,hybrid,1.0,1.0,1.0
401,hybrid,1.0,1.0,1.0
403,hybrid,0.0,0.0,0.0
404,hybrid,0.0,0.0,0.0
406,hybrid,0.0,1.0,0.010416666666666666
407,hybrid,0.43067655807339306,1.0,0.25
413,hybrid,0.31546487678572877,1.0,0.125
414,hybrid,0.0,1.0,0.08333333333333333
416,hybrid,0.3010299956639812,1.0,0.1111111111111111
417,hybrid,0.31546487678572877,1.0,0.125
418,hybrid,0.0,1.0,0.012195121951219513
420,hybrid,1.0,1.0,1.0
422,hybrid,0.0,0.0,0.0
423,hybrid,0.3010299956639812,1.0,0.1111111111111111
425,hybrid,1.0,1.0,1.0
426,hybrid,1.0,1.0,1.0
428,hybrid,1.0,1.0,1.0
429,hybrid,1.0,1.0,1.0
430,hybrid,0.0,1.0,0.037037037037037035
432,hybrid,1.0,1.0,1.0
434,hybrid,0.3010299956639812,1.0,0.1111111111111111
435,hybrid,0.0,1.0,0.07142857142857142
441,hybrid,1.0,1.0,1.0
444,hybrid,1.0,1.0,1.0
445,hybrid,0.43067655807339306,1.0,0.25
447,hybrid,0.6309297535714575,1.0,0.5
448,hybrid,1.0,1.0,1.0
449,hybrid,0.17723928678404774,1.0,0.1
453,hybrid,1.0,1.0,1.0
454,hybrid,1.0,1.0,1.0
455,hybrid,0.0,1.0,0.05263157894736842
456,hybrid,0.43067655807339306,1.0,0.25
458,hybrid,1.0,1.0,1.0
461,hybrid,1.0,1.0,1.0
463,hybrid,1.0,1.0,1.0
466,hybrid,1.0,1.0,1.0
469,hybrid,1.0,1.0,1.0
470,hybrid,1.0,1.0,1.0
472,hybrid,0.7328286204777911,1.0,0.5
473,hybrid,0.0,0.0,0.0
474,hybrid,0.0,0.0,0.0
479,hybrid,1.0,1.0,1.0
480,hybrid,1.0,1.0,1.0
481,hybrid,0.6309297535714575,1.0,0.5
482,hybrid,1.0,1.0,1.0
483,hybrid,0.6309297535714575,1.0,0.5
484,hybrid,0.0,1.0,0.03333333333333333
485,hybrid,1.0,1.0,1.0
486,hybrid,0.0,1.0,0.03571428571428571
487,hybrid,1.0,1.0,1.0
488,hybrid,1.0,1.0,1.0
489,hybrid,0.3333333333333333,1.0,0.14285714285714285
490,hybrid,1.0,1.0,1.0
492,hybrid,0.43067655807339306,1.0,0.25
493,hybrid,0.0,1.0,0.05
494,hybrid,0.6309297535714575,1.0,0.5
495,hybrid,0.6309297535714575,1.0,0.5
498,hybrid,0.6309297535714575,1.0,0.5
499,hybrid,1.0,1.0,1.0
500,hybrid,1.0,1.0,1.0
504,hybrid,1.0,1.0,1.0
505,hybrid,1.0,1.0,1.0
506,hybrid,0.6309297535714575,1.0,0.5
509,hybrid,0.0,1.0,0.05
515,hybrid,1.0,1.0,1.0
523,hybrid,1.0,1.0,1.0
524,hybrid,1.0,1.0,1.0
526,hybrid,0.5,1.0,0.3333333333333333
529,hybrid,0.6797310500037655,1.0,0.5
530,hybrid,0.502373740777944,1.0,0.3333333333333333
531,hybrid,0.7122630665145961,1.0,0.5
537,hybrid,1.0,1.0,1.0
541,hybrid,0.4367467095119258,1.0,0.3333333333333333
542,hybrid,1.0,1.0,1.0
545,hybrid,0.3010299956639812,1.0,0.1111111111111111
547,hybrid,1.0,1.0,1.0
548,hybrid,0.0,1.0,0.05263157894736842
550,hybrid,0.6309297535714575,1.0,0.5
553,hybrid,1.0,1.0,1.0
555,hybrid,0.3333333333333333,1.0,0.14285714285714285
557,hybrid,1.0,1.0,1.0
559,hybrid,0.0,0.0,0.0
562,hybrid,1.0,1.0,1.0
563,hybrid,1.0,1.0,1.0
564,hybrid,1.0,1.0,1.0
565,hybrid,1.0,1.0,1.0
566,hybrid,1.0,1.0,1.0
568,hybrid,1.0,1.0,1.0
570,hybrid,1.0,1.0,1.0
571,hybrid,1.0,1.0,1.0
572,hybrid,0.0,0.0,0.0
573,hybrid,1.0,1.0,1.0
574,hybrid,1.0,1.0,1.0
576,hybrid,1.0,1.0,1.0
579,hybrid,1.0,1.0,1.0
580,hybrid,1.0,1.0,1.0
582,hybrid,1.0,1.0,1.0
584,hybrid,1.0,1.0,1.0
585,hybrid,1.0,1.0,1.0
588,hybrid,0.38685280723454163,1.0,0.2
590,hybrid,1.0,1.0,1.0
591,hybrid,1.0,1.0,1.0
592,hybrid,1.0,1.0,1.0
594,hybrid,1.0,1.0,1.0
595,hybrid,1.0,1.0,1.0
600,hybrid,1.0,1.0,1.0
601,hybrid,1.0,1.0,1.0
602,hybrid,0.0,1.0,0.0196078431372549
603,hybrid,1.0,1.0,1.0
606,hybrid,0.5,1.0,0.3333333333333333
607,hybrid,0.0,1.0,0.08333333333333333
609,hybrid,0.0,1.0,0.029411764705882353
610,hybrid,0.0,1.0,0.03571428571428571
611,hybrid,1.0,1.0,1.0
612,hybrid,1.0,1.0,1.0
614,hybrid,1.0,1.0,1.0
615,hybrid,1.0,1.0,1.0
616,hybrid,0.0,0.0,0.0
617,hybrid,0.0,0.0,0.0
618,hybrid,0.6309297535714575,1.0,0.5
620,hybrid,0.0,1.0,0.0136986301369863
621,hybrid,1.0,1.0,1.0
622,hybrid,0.31546487678572877,1.0,0.125
624,hybrid,1.0,1.0,1.0
625,hybrid,1.0,1.0,1.0
626,hybrid,1.0,1.0,1.0
631,hybrid,1.0,1.0,1.0
632,hybrid,1.0,1.0,1.0
633,hybrid,1.0,1.0,1.0
635,hybrid,1.0,1.0,1.0
638,hybrid,1.0,1.0,1.0
640,hybrid,1.0,1.0,1.0
642,hybrid,0.3562071871080222,1.0,0.16666666666666666
643,hybrid,0.5,1.0,0.3333333333333333
645,hybrid,0.3010299956639812,1.0,0.1111111111111111
646,hybrid,0.3010299956639812,1.0,0.1111111111111111
647,hybrid,1.0,1.0,1.0
648,hybrid,1.0,1.0,1.0
650,hybrid,1.0,1.0,1.0
651,hybrid,1.0,1.0,1.0
652,hybrid,1.0,1.0,1.0
653,hybrid,0.6309297535714575,1.0,0.5
654,hybrid,1.0,1.0,1.0
655,hybrid,1.0,1.0,1.0
657,hybrid,1.0,1.0,1.0
658,hybrid,1.0,1.0,1.0
661,hybrid,1.0,1.0,1.0
662,hybrid,1.0,1.0,1.0
663,hybrid,1.0,1.0,1.0
665,hybrid,1.0,1.0,1.0
666,hybrid,1.0,1.0,1.0
667,hybrid,1.0,1.0,1.0
668,hybrid,0.8065735963827293,1.0,1.0
669,hybrid,0.8772153153380493,1.0,1.0
670,hybrid,1.0,1.0,1.0
671,hybrid,1.0,1.0,1.0
672,hybrid,1.0,1.0,1.0
673,hybrid,0.6309297535714575,1.0,0.5
676,hybrid,1.0,1.0,1.0
677,hybrid,1.0,1.0,1.0
679,hybrid,0.0,1.0,0.045454545454545456
680,hybrid,0.6309297535714575,1.0,0.5
681,hybrid,1.0,1.0,1.0
682,hybrid,1.0,1.0,1.0
683,hybrid,1.0,1.0,1.0
685,hybrid,1.0,1.0,1.0
686,hybrid,0.5,1.0,0.3333333333333333
687,hybrid,0.6309297535714575,1.0,0.5
688,hybrid,1.0,1.0,1.0
689,hybrid,0.0,0.0,0.0
694,hybrid,1.0,1.0,1.0
696,hybrid,0.5,1.0,0.3333333333333333
698,hybrid,1.0,1.0,1.0
703,hybrid,0.5,1.0,0.3333333333333333
704,hybrid,0.0,0.0,0.0
705,hybrid,1.0,1.0,1.0
709,hybrid,1.0,1.0,1.0
710,hybrid,0.6309297535714575,1.0,0.5
713,hybrid,0.3562071871080222,1.0,0.16666666666666666
714,hybrid,0.31546487678572877,1.0,0.125
717,hybrid,1.0,1.0,1.0
724,hybrid,1.0,1.0,1.0
726,hybrid,0.6934264036172708,1.0,0.5
730,hybrid,1.0,1.0,1.0
732,hybrid,1.0,1.0,1.0
733,hybrid,1.0,1.0,1.0
734,hybrid,0.6309297535714575,1.0,0.5
736,hybrid,1.0,1.0,1.0
737,hybrid,0.5912352048230277,1.0,0.5
738,hybrid,0.43734888382569426,1.0,0.5
739,hybrid,0.0,1.0,0.05
740,hybrid,1.0,1.0,1.0
745,hybrid,1.0,1.0,1.0
746,hybrid,1.0,1.0,1.0
747,hybrid,1.0,1.0,1.0
748,hybrid,1.0,1.0,1.0
749,hybrid,0.0,1.0,0.015625
751,hybrid,1.0,1.0,1.0
752,hybrid,1.0,1.0,1.0
753,hybrid,0.0,1.0,0.024390243902439025
755,hybrid,0.0,0.0,0.0
757,hybrid,0.5,1.0,0.3333333333333333
758,hybrid,0.43067655807339306,1.0,0.25
760,hybrid,1.0,1.0,1.0
761,hybrid,0.0,1.0,0.08333333333333333
762,hybrid,0.0,1.0,0.09090909090909091
764,hybrid,0.3562071871080222,1.0,0.16666666666666666
765,hybrid,0.6309297535714575,1.0,0.5
766,hybrid,0.6309297535714575,1.0,0.5
767,hybrid,1.0,1.0,1.0
771,hybrid,1.0,1.0,1.0
772,hybrid,1.0,1.0,1.0
774,hybrid,0.0,1.0,0.05
776,hybrid,0.0,1.0,0.045454545454545456
777,hybrid,0.0,1.0,0.045454545454545456
778,hybrid,1.0,1.0,1.0
779,hybrid,1.0,1.0,1.0
780,hybrid,1.0,1.0,1.0
782,hybrid,0.5,1.0,0.3333333333333333
787,hybrid,1.0,1.0,1.0
788,hybrid,1.0,1.0,1.0
789,hybrid,1.0,1.0,1.0
790,hybrid,0.43067655807339306,1.0,0.25
791,hybrid,0.5,1.0,0.3333333333333333
792,hybrid,1.0,1.0,1.0
795,hybrid,0.6309297535714575,1.0,0.5
797,hybrid,0.6309297535714575,1.0,0.5
798,hybrid,0.5,1.0,0.3333333333333333
799,hybrid,1.0,1.0,1.0
801,hybrid,1.0,1.0,1.0
802,hybrid,1.0,1.0,1.0
803,hybrid,1.0,1.0,1.0
804,hybrid,1.0,1.0,1.0
807,hybrid,1.0,1.0,1.0
810,hybrid,0.6309297535714575,1.0,0.5
812,hybrid,1.0,1.0,1.0
813,hybrid,1.0,1.0,1.0
815,hybrid,1.0,1.0,1.0
816,hybrid,1.0,1.0,1.0
817,hybrid,0.6309297535714575,1.0,0.5
818,hybrid,1.0,1.0,1.0
822,hybrid,0.6309297535714575,1.0,0.5
825,hybrid,1.0,1.0,1.0
826,hybrid,0.5,1.0,0.3333333333333333
828,hybrid,0.0,0.0,0.0
835,hybrid,1.0,1.0,1.0
838,hybrid,0.0,1.0,0.047619047619047616
840,hybrid,1.0,1.0,1.0
841,hybrid,1.0,1.0,1.0
844,hybrid,1.0,1.0,1.0
846,hybrid,1.0,1.0,1.0
848,hybrid,1.0,1.0,1.0
853,hybrid,1.0,1.0,1.0
854,hybrid,1.0,1.0,1.0
855,hybrid,1.0,1.0,1.0
856,hybrid,0.0,1.0,0.07692307692307693
857,hybrid,0.0,1.0,0.09090909090909091
858,hybrid,0.43067655807339306,1.0,0.25
860,hybrid,1.0,1.0,1.0
861,hybrid,1.0,1.0,1.0
863,hybrid,0.9197207891481876,1.0,1.0
866,hybrid,0.6309297535714575,1.0,0.5
867,hybrid,1.0,1.0,1.0
871,hybrid,0.0,1.0,0.010638297872340425
876,hybrid,0.0,0.0,0.0
877,hybrid,1.0,1.0,1.0
881,hybrid,1.0,1.0,1.0
883,hybrid,1.0,1.0,1.0
884,hybrid,1.0,1.0,1.0
885,hybrid,1.0,1.0,1.0
886,hybrid,1.0,1.0,1.0
890,hybrid,0.43067655807339306,1.0,0.25
891,hybrid,0.43067655807339306,1.0,0.25
893,hybrid,1.0,1.0,1.0
894,hybrid,0.0,1.0,0.06666666666666667
895,hybrid,0.0,1.0,0.07692307692307693
896,hybrid,1.0,1.0,1.0
897,hybrid,1.0,1.0,1.0
898,hybrid,0.6131471927654584,1.0,1.0
899,hybrid,0.6131471927654584,1.0,1.0
900,hybrid,0.0,0.0,0.0
901,hybrid,1.0,1.0,1.0
902,hybrid,1.0,1.0,1.0
908,hybrid,1.0,1.0,1.0
909,hybrid,1.0,1.0,1.0
910,hybrid,1.0,1.0,1.0
912,hybrid,1.0,1.0,1.0
916,hybrid,0.0,1.0,0.05263157894736842
917,hybrid,1.0,1.0,1.0
919,hybrid,1.0,1.0,1.0
923,hybrid,1.0,1.0,1.0
925,hybrid,1.0,1.0,1.0
926,hybrid,1.0,1.0,1.0
927,hybrid,1.0,1.0,1.0
928,hybrid,1.0,1.0,1.0
929,hybrid,1.0,1.0,1.0
930,hybrid,1.0,1.0,1.0
933,hybrid,1.0,1.0,1.0
934,hybrid,1.0,1.0,1.0
935,hybrid,0.5,1.0,0.3333333333333333
938,hybrid,0.2890648263178879,1.0,0.1
939,hybrid,0.0,1.0,0.05
940,hybrid,1.0,1.0,1.0
941,hybrid,1.0,1.0,1.0
942,hybrid,0.3562071871080222,1.0,0.16666666666666666
944,hybrid,1.0,1.0,1.0
945,hybrid,0.4852658227346317,1.0,0.3333333333333333
946,hybrid,0.5143371794949736,1.0,0.3333333333333333
949,hybrid,0.0,0.0,0.0
951,hybrid,0.6309297535714575,1.0,0.5
952,hybrid,1.0,1.0,1.0
953,hybrid,1.0,1.0,1.0
954,hybrid,1.0,1.0,1.0
955,hybrid,0.0,1.0,0.09090909090909091
959,hybrid,1.0,1.0,1.0
962,hybrid,0.9674679834891693,1.0,1.0
963,hybrid,0.46845052016107697,1.0,0.25
964,hybrid,0.46845052016107697,1.0,0.25
965,hybrid,1.0,1.0,1.0
969,hybrid,0.3065735963827292,1.0,0.3333333333333333
970,hybrid,0.3065735963827292,1.0,0.3333333333333333
972,hybrid,0.7045057227504283,1.0,0.5
973,hybrid,0.9047172294870751,1.0,1.0
976,hybrid,0.0,0.0,0.0
977,hybrid,0.0,0.0,0.0
978,hybrid,0.0,0.0,0.0
979,hybrid,1.0,1.0,1.0
980,hybrid,1.0,1.0,1.0
984,hybrid,1.0,1.0,1.0
988,hybrid,0.0,1.0,0.058823529411764705
989,hybrid,0.6309297535714575,1.0,0.5
990,hybrid,1.0,1.0,1.0
992,hybrid,1.0,1.0,1.0
994,hybrid,1.0,1.0,1.0
996,hybrid,1.0,1.0,1.0
997,hybrid,1.0,1.0,1.0
998,hybrid,1.0,1.0,1.0
999,hybrid,1.0,1.0,1.0
1000,hybrid,1.0,1.0,1.0
1001,hybrid,1.0,1.0,1.0
1002,hybrid,0.0,0.0,0.0
1003,hybrid,0.7737459235132744,1.0,1.0
1004,hybrid,0.9674679834891693,1.0,1.0
1005,hybrid,0.8854598815714874,1.0,1.0
1006,hybrid,1.0,1.0,1.0
1008,hybrid,0.0,1.0,0.014925373134328358
1009,hybrid,1.0,1.0,1.0
1011,hybrid,1.0,1.0,1.0
1015,hybrid,1.0,1.0,1.0
1016,hybrid,1.0,1.0,1.0
1018,hybrid,1.0,1.0,1.0
1023,hybrid,1.0,1.0,1.0
1025,hybrid,1.0,1.0,1.0
1026,hybrid,1.0,1.0,1.0
1027,hybrid,0.6309297535714575,1.0,0.5
1028,hybrid,0.9197207891481876,1.0,1.0
1030,hybrid,1.0,1.0,1.0
1031,hybrid,1.0,1.0,1.0
1032,hybrid,0.6309297535714575,1.0,0.5
1033,hybrid,0.6309297535714575,1.0,0.5
1034,hybrid,1.0,1.0,1.0
1035,hybrid,1.0,1.0,1.0
1036,hybrid,0.43067655807339306,1.0,0.25
1037,hybrid,1.0,1.0,1.0
1038,hybrid,1.0,1.0,1.0
1040,hybrid,0.19342640361727081,1.0,0.125
1042,hybrid,1.0,1.0,1.0
1043,hybrid,1.0,1.0,1.0
1044,hybrid,1.0,1.0,1.0
1045,hybrid,1.0,1.0,1.0
1046,hybrid,0.0,1.0,0.027777777777777776
1047,hybrid,0.0,1.0,0.07142857142857142
1048,hybrid,0.31546487678572877,1.0,0.125
1050,hybrid,0.6309297535714575,1.0,0.5
1052,hybrid,0.5,1.0,0.3333333333333333
1053,hybrid,0.5,1.0,0.3333333333333333
1054,hybrid,1.0,1.0,1.0
1055,hybrid,1.0,1.0,1.0
1056,hybrid,1.0,1.0,1.0
1058,hybrid,1.0,1.0,1.0
1065,hybrid,1.0,1.0,1.0
1067,hybrid,0.0,1.0,0.02
1068,hybrid,0.0,1.0,0.023255813953488372
1069,hybrid,1.0,1.0,1.0
1070,hybrid,0.43067655807339306,1.0,0.25
1072,hybrid,1.0,1.0,1.0
1073,hybrid,1.0,1.0,1.0
1074,hybrid,0.43067655807339306,1.0,0.25
1075,hybrid,0.43067655807339306,1.0,0.25
1081,hybrid,1.0,1.0,1.0
1084,hybrid,1.0,1.0,1.0
1085,hybrid,1.0,1.0,1.0
1087,hybrid,1.0,1.0,1.0
1090,hybrid,1.0,1.0,1.0
1091,hybrid,0.0,1.0,0.045454545454545456
1096,hybrid,0.0,1.0,0.023809523809523808
1097,hybrid,0.6309297535714575,1.0,0.5
1098,hybrid,0.0,0.0,0.0
1101,hybrid,1.0,1.0,1.0
1102,hybrid,1.0,1.0,1.0
1103,hybrid,1.0,1.0,1.0
1105,hybrid,1.0,1.0,1.0
1106,hybrid,1.0,1.0,1.0
1109,hybrid,0.20438239758848611,0.5,0.14285714285714285
1111,hybrid,0.38685280723454163,1.0,0.2
1112,hybrid,0.38685280723454163,1.0,0.2
1114,hybrid,1.0,1.0,1.0
1115,hybrid,1.0,1.0,1.0
1118,hybrid,0.6309297535714575,1.0,0.5
1119,hybrid,0.7122630665145961,1.0,0.5
1120,hybrid,0.7328286204777911,1.0,0.5
1125,hybrid,1.0,1.0,1.0
1126,hybrid,1.0,1.0,1.0
1127,hybrid,0.2890648263178879,1.0,0.1
1128,hybrid,0.18457569677956817,0.5,0.1111111111111111
1133,hybrid,1.0,1.0,1.0
1134,hybrid,1.0,1.0,1.0
1135,hybrid,1.0,1.0,1.0
1136,hybrid,1.0,1.0,1.0
1138,hybrid,0.0,1.0,0.020833333333333332
1139,hybrid,1.0,1.0,1.0
1141,hybrid,1.0,1.0,1.0
1142,hybrid,1.0,1.0,1.0
1145,hybrid,1.0,1.0,1.0
1148,hybrid,1.0,1.0,1.0
1153,hybrid,1.0,1.0,1.0
1156,hybrid,0.3010299956639812,1.0,0.1111111111111111
1157,hybrid,0.3333333333333333,1.0,0.14285714285714285
1158,hybrid,0.38685280723454163,1.0,0.2
1159,hybrid,0.0,1.0,0.047619047619047616
1161,hybrid,0.0,1.0,0.08333333333333333
1162,hybrid,1.0,1.0,1.0
1164,hybrid,0.6309297535714575,1.0,0.5
1165,hybrid,0.6309297535714575,1.0,0.5
1166,hybrid,0.43067655807339306,1.0,0.25
1168,hybrid,1.0,1.0,1.0
1169,hybrid,0.6309297535714575,1.0,0.5
1170,hybrid,1.0,1.0,1.0
1171,hybrid,1.0,1.0,1.0
1173,hybrid,1.0,1.0,1.0
1174,hybrid,0.0,1.0,0.014084507042253521
1176,hybrid,1.0,1.0,1.0
1177,hybrid,1.0,1.0,1.0
1178,hybrid,0.0,1.0,0.015384615384615385
1181,hybrid,1.0,1.0,1.0
1182,hybrid,0.6309297535714575,1.0,0.5
1183,hybrid,1.0,1.0,1.0
1184,hybrid,1.0,1.0,1.0
1186,hybrid,0.6309297535714575,1.0,0.5
1188,hybrid,1.0,1.0,1.0
1190,hybrid,0.2890648263178879,1.0,0.1
1193,hybrid,1.0,1.0,1.0
1195,hybrid,1.0,1.0,1.0
1205,hybrid,1.0,1.0,1.0
1206,hybrid,1.0,1.0,1.0
1208,hybrid,0.6309297535714575,1.0,0.5
1209,hybrid,0.5,1.0,0.3333333333333333
1210,hybrid,1.0,1.0,1.0
1211,hybrid,1.0,1.0,1.0
1212,hybrid,0.0,0.5,0.02
1214,hybrid,0.0,0.0,0.0
1215,hybrid,0.5,1.0,0.3333333333333333
1218,hybrid,0.0,1.0,0.038461538461538464
1219,hybrid,0.8772153153380493,1.0,1.0
1220,hybrid,1.0,1.0,1.0
1223,hybrid,1.0,1.0,1.0
1224,hybrid,0.38685280723454163,1.0,0.5
1227,hybrid,1.0,1.0,1.0
1228,hybrid,1.0,1.0,1.0
1229,hybrid,1.0,1.0,1.0
1230,hybrid,1.0,1.0,1.0
1231,hybrid,1.0,1.0,1.0
1234,hybrid,1.0,1.0,1.0
1235,hybrid,0.43067655807339306,1.0,0.25
1236,hybrid,0.5,1.0,0.3333333333333333
1237,hybrid,1.0,1.0,1.0
1238,hybrid,1.0,1.0,1.0
1239,hybrid,0.38685280723454163,1.0,0.5
1244,hybrid,1.0,1.0,1.0
1246,hybrid,0.0,1.0,0.07142857142857142
1247,hybrid,0.5,1.0,0.3333333333333333
1248,hybrid,1.0,1.0,1.0
1249,hybrid,1.0,1.0,1.0
1253,hybrid,1.0,1.0,1.0
1254,hybrid,0.6309297535714575,1.0,0.5
1255,hybrid,0.6309297535714575,1.0,0.5
1257,hybrid,0.0,1.0,0.06666666666666667
1258,hybrid,0.0,1.0,0.09090909090909091
1260,hybrid,1.0,1.0,1.0
1261,hybrid,1.0,1.0,1.0
1263,hybrid,1.0,1.0,1.0
1265,hybrid,1.0,1.0,1.0
1268,hybrid,1.0,1.0,1.0
1269,hybrid,1.0,1.0,1.0
1275,hybrid,1.0,1.0,1.0
1276,hybrid,0.6309297535714575,1.0,0.5
1284,hybrid,1.0,1.0,1.0
1288,hybrid,1.0,1.0,1.0
1289,hybrid,1.0,1.0,1.0
1291,hybrid,1.0,1.0,1.0
1293,hybrid,1.0,1.0,1.0
1294,hybrid,0.18457569677956817,1.0,0.1111111111111111
1295,hybrid,1.0,1.0,1.0
1297,hybrid,1.0,1.0,1.0
1300,hybrid,0.31546487678572877,1.0,0.125
1302,hybrid,0.0,0.0,0.0
1304,hybrid,0.0,1.0,0.019230769230769232
1305,hybrid,1.0,1.0,1.0
1306,hybrid,0.0,1.0,0.03225806451612903
1307,hybrid,0.0,1.0,0.0625
1308,hybrid,0.0,1.0,0.07692307692307693
1309,hybrid,0.0,1.0,0.038461538461538464
1310,hybrid,0.6309297535714575,1.0,0.5
1311,hybrid,0.6309297535714575,1.0,0.5
1312,hybrid,1.0,1.0,1.0
1314,hybrid,0.23719771276929622,1.0,0.2
1315,hybrid,0.23719771276929622,1.0,0.2
1322,hybrid,1.0,1.0,1.0
1323,hybrid,1.0,1.0,1.0
1324,hybrid,1.0,1.0,1.0
1325,hybrid,0.43067655807339306,1.0,0.25
1327,hybrid,0.8503449055347546,1.0,1.0
1328,hybrid,1.0,1.0,1.0
1330,hybrid,0.0,0.0,0.0
1331,hybrid,0.0,0.0,0.0
1333,hybrid,1.0,1.0,1.0
1334,hybrid,0.46927872602275644,0.6666666666666666,1.0
1340,hybrid,1.0,1.0,1.0
1341,hybrid,1.0,1.0,1.0
1342,hybrid,0.5,1.0,0.3333333333333333
1345,hybrid,0.0,1.0,0.024390243902439025
1346,hybrid,0.3010299956639812,1.0,0.1111111111111111
1347,hybrid,1.0,1.0,1.0
1348,hybrid,1.0,1.0,1.0
1349,hybrid,1.0,1.0,1.0
1350,hybrid,1.0,1.0,1.0
1351,hybrid,1.0,1.0,1.0
1353,hybrid,0.6309297535714575,1.0,0.5
1355,hybrid,1.0,1.0,1.0
1356,hybrid,1.0,1.0,1.0
1360,hybrid,1.0,1.0,1.0
1361,hybrid,0.6934264036172708,1.0,0.5
1364,hybrid,0.0,1.0,0.09090909090909091
1366,hybrid,1.0,1.0,1.0
1367,hybrid,1.0,1.0,1.0
1371,hybrid,1.0,1.0,1.0
1372,hybrid,1.0,1.0,1.0
1373,hybrid,1.0,1.0,1.0
1374,hybrid,1.0,1.0,1.0
1375,hybrid,1.0,1.0,1.0
1376,hybrid,0.5,1.0,0.3333333333333333
1378,hybrid,1.0,1.0,1.0
1380,hybrid,0.9066276098484507,1.0,1.0
1381,hybrid,1.0,1.0,1.0
1383,hybrid,0.3562071871080222,1.0,0.16666666666666666
1386,hybrid,1.0,1.0,1.0
1387,hybrid,0.38685280723454163,1.0,0.2
1390,hybrid,1.0,1.0,1.0
1391,hybrid,1.0,1.0,1.0
1392,hybrid,1.0,1.0,1.0
1393,hybrid,0.38685280723454163,1.0,0.5
1394,hybrid,0.0,1.0,0.038461538461538464
1397,hybrid,0.0,1.0,0.08333333333333333
1398,hybrid,0.31546487678572877,1.0,0.125
1400,hybrid,0.38685280723454163,1.0,0.2
1401,hybrid,1.0,1.0,1.0
1402,hybrid,0.0,0.0,0.0
1403,hybrid,1.0,1.0,1.0
1404,hybrid,0.8772153153380493,1.0,1.0
1405,hybrid,1.0,1.0,1.0
1406,hybrid,1.0,1.0,1.0
1407,hybrid,0.21840743681816419,1.0,0.16666666666666666
